generation_index,individual_index,cap_post_loading,cap_post_conveyor,cap_post_washing,cap_pre_press1,cap_pre_press2,cap_post_press12,wip,throughput
4,3,8,7,1,1,1,9,0.7406746031746032,1.0125
6,9,1,1,1,1,1,7,0.3324404761904762,0.988095238095238
7,14,1,1,1,1,1,8,0.3286706349206349,0.981547619047619
8,16,1,1,1,2,1,8,0.3008928571428571,0.844047619047619
8,17,1,1,1,1,1,4,0.3257936507936508,0.9636904761904762
8,20,1,1,1,2,2,4,0.2950396825396825,0.7720238095238096
14,7,1,1,1,1,1,3,0.3191468253968254,0.9541666666666666
14,12,1,1,1,1,1,6,0.3275793650793651,0.9666666666666668
21,12,1,1,1,2,1,3,0.3141865079365079,0.8690476190476191
27,0,1,1,1,2,2,6,0.2906746031746032,0.7696428571428572
32,4,4,1,1,1,1,9,0.4263888888888889,1.006547619047619
43,5,1,1,1,1,1,2,0.3164682539682539,0.9410714285714286
44,11,1,1,1,2,1,2,0.310218253968254,0.8636904761904762
