config_id,scenario,tp_mean,tp_std,wip_mean,wip_std,sec_mean,sec_std,cap_post_loading,cap_post_conveyor,cap_post_washing,cap_pre_press1,cap_pre_press2,cap_post_press12
0,D1_press1_aging,25.55952380952381,0.15607274526341544,19.198849206349205,0.1062246071801259,0.4733682695301411,0.0028514613288645563,4,1,1,4,3,10
0,D2_systemic_degradation,25.442857142857143,0.25199740622428035,18.936587301587302,0.31626812507002855,0.47794475802221753,0.004024339787753815,4,1,1,4,3,10
0,D3_feeder_failure,27.1,0.2858196730239688,19.0455753968254,0.14011813590664254,0.4539078845636485,0.0037633871396519584,4,1,1,4,3,10
0,nominal,27.059523809523807,0.24024328655488617,19.165099206349204,0.18631572278258218,0.45362622143650705,0.003464132066218124,4,1,1,4,3,10
1,D1_press1_aging,24.94166666666667,0.16330582511657782,12.131091269841269,0.14135445483023293,0.48174659776816997,0.0031455033235834955,1,1,1,1,2,9
1,D2_systemic_degradation,24.64166666666667,0.14960501661953923,11.971984126984127,0.16647736734140056,0.4883235216684116,0.002406241104699874,1,1,1,1,2,9
1,D3_feeder_failure,26.14404761904762,0.2961989931404478,12.013968253968255,0.11193152594922882,0.4664352501218262,0.004289166055047972,1,1,1,1,2,9
1,nominal,26.632142857142856,0.35932862882334254,12.219186507936508,0.25069884725187075,0.45834681488101464,0.004985733295644892,1,1,1,1,2,9
2,D1_press1_aging,25.648809523809526,0.277345184695757,20.90494047619048,0.28758274049843513,0.47196663316754767,0.0038612625268783845,1,3,4,3,4,2
2,D2_systemic_degradation,25.55833333333333,0.20348961040296457,20.71081349206349,0.2787830802369556,0.4755695925739424,0.002875955726996817,1,3,4,3,4,2
2,D3_feeder_failure,27.159523809523808,0.14625182906777043,20.900952380952383,0.08952455378820728,0.45406447901139535,0.0023064011728689835,1,3,4,3,4,2
2,nominal,27.291666666666664,0.3133915852640045,20.929206349206346,0.2367530227305365,0.45043264853848014,0.0034714445228092973,1,3,4,3,4,2
3,D1_press1_aging,24.110714285714288,0.2568367887480718,11.113392857142857,0.11081036129069856,0.4929439522215687,0.0037912354100834737,1,1,1,1,1,2
3,D2_systemic_degradation,24.05595238095238,0.20060495242833698,10.96015873015873,0.26286000041579904,0.4967731140319335,0.0038993215945516886,1,1,1,1,1,2
3,D3_feeder_failure,25.753571428571426,0.2569057548857632,11.03406746031746,0.17021955952296539,0.47092763049864167,0.003424674317642563,1,1,1,1,1,2
3,nominal,26.173809523809524,0.2900648434034784,11.264345238095236,0.1051293993611686,0.4648813085148579,0.0035357995062633516,1,1,1,1,1,2
4,D1_press1_aging,25.514285714285716,0.2006491025603547,14.262579365079365,0.115197185000484,0.4736692097964796,0.0029110160125608376,1,1,1,3,2,4
4,D2_systemic_degradation,25.39761904761905,0.29231584702470126,14.029285714285715,0.33254581184922194,0.4770742394334671,0.003967785903614233,1,1,1,3,2,4
4,D3_feeder_failure,26.810714285714283,0.18951580803879917,13.825674603174605,0.13963055588768244,0.45740798459029985,0.003194325859217454,1,1,1,3,2,4
4,nominal,27.104761904761904,0.2268005556948495,14.32359126984127,0.26224912163196523,0.4524061618827996,0.0039634121152000825,1,1,1,3,2,4
5,D1_press1_aging,25.458333333333336,0.13396163613008108,14.245773809523808,0.11344994500957552,0.47452387669979706,0.0016485354606501767,1,1,1,3,2,2
5,D2_systemic_degradation,25.39761904761905,0.29231584702470126,13.94126984126984,0.2815536577061957,0.4770742394334671,0.003967785903614233,1,1,1,3,2,2
5,D3_feeder_failure,26.810714285714283,0.18951580803879917,13.807063492063492,0.13897781662705727,0.45740798459029985,0.003194325859217454,1,1,1,3,2,2
5,nominal,27.104761904761904,0.2268005556948495,14.223392857142859,0.2801530601634071,0.4524061618827996,0.0039634121152000825,1,1,1,3,2,2
6,D1_press1_aging,25.514285714285716,0.2006491025603547,14.259166666666667,0.11510231708719473,0.4736692097964796,0.0029110160125608376,1,1,1,3,2,3
6,D2_systemic_degradation,25.39761904761905,0.29231584702470126,14.00222222222222,0.3188994969772378,0.4770742394334671,0.003967785903614233,1,1,1,3,2,3
6,D3_feeder_failure,26.810714285714283,0.18951580803879917,13.82097222222222,0.13935546629987067,0.45740798459029985,0.003194325859217454,1,1,1,3,2,3
6,nominal,27.104761904761904,0.2268005556948495,14.28640873015873,0.2739225723464646,0.4524061618827996,0.0039634121152000825,1,1,1,3,2,3
7,D1_press1_aging,25.490476190476194,0.2843656165131005,17.009027777777778,0.39443066485105116,0.4738197482642984,0.003965560490237342,3,1,1,3,3,6
7,D2_systemic_degradation,25.45357142857143,0.1727934258796058,16.806468253968255,0.22763396094411398,0.47536725077456976,0.0014548566705202244,3,1,1,3,3,6
7,D3_feeder_failure,26.98095238095238,0.14984165867920937,16.984464285714285,0.21623032122168576,0.4564743235152018,0.0026849053880890227,3,1,1,3,3,6
7,nominal,27.264285714285712,0.1412734639271555,17.173650793650797,0.17012592504639065,0.4499686652056173,0.0019379872017024388,3,1,1,3,3,6
8,D1_press1_aging,24.94166666666667,0.16330582511657782,12.101746031746032,0.1374418238549337,0.48174659776816997,0.0031455033235834955,1,1,1,1,2,2
8,D2_systemic_degradation,24.622619047619047,0.1327394298459498,11.956785714285715,0.17048501571016586,0.48870175129735804,0.0018140438300245747,1,1,1,1,2,2
8,D3_feeder_failure,26.14404761904762,0.2961989931404478,11.998313492063492,0.1081671806400817,0.4664352501218262,0.004289166055047972,1,1,1,1,2,2
8,nominal,26.632142857142856,0.35932862882334254,12.205337301587303,0.2500903460932823,0.45834681488101464,0.004985733295644892,1,1,1,1,2,2
9,D1_press1_aging,24.110714285714288,0.2568367887480718,11.141944444444444,0.10688814060315519,0.4929439522215687,0.0037912354100834737,1,1,1,1,1,4
9,D2_systemic_degradation,24.05595238095238,0.20060495242833698,10.991011904761905,0.2610814982966713,0.4967731140319335,0.0038993215945516886,1,1,1,1,1,4
9,D3_feeder_failure,25.753571428571426,0.2569057548857632,11.100515873015873,0.22848625843409034,0.47092763049864167,0.003424674317642563,1,1,1,1,1,4
9,nominal,26.173809523809524,0.2900648434034784,11.311428571428571,0.13041098930769657,0.4648813085148579,0.0035357995062633516,1,1,1,1,1,4
10,D1_press1_aging,24.94166666666667,0.16330582511657782,12.13001984126984,0.14104422792149146,0.48174659776816997,0.0031455033235834955,1,1,1,1,2,4
10,D2_systemic_degradation,24.648809523809526,0.1584384720738828,11.968095238095238,0.1659889969131866,0.4880838417291087,0.0028485505905810954,1,1,1,1,2,4
10,D3_feeder_failure,26.14404761904762,0.2961989931404478,12.012480158730158,0.11077481526514471,0.4664352501218262,0.004289166055047972,1,1,1,1,2,4
10,nominal,26.632142857142856,0.35932862882334254,12.218194444444444,0.2508201835566707,0.45834681488101464,0.004985733295644892,1,1,1,1,2,4
11,D1_press1_aging,24.94166666666667,0.16330582511657782,11.998690476190477,0.07571366567206389,0.48174659776816997,0.0031455033235834955,1,1,1,1,2,1
11,D2_systemic_degradation,24.53214285714286,0.21106206167274916,11.836349206349206,0.14457133672274552,0.4901163514646923,0.0025737401446976646,1,1,1,1,2,1
11,D3_feeder_failure,26.14404761904762,0.2961989931404478,11.870039682539682,0.09816527155994821,0.4664352501218262,0.004289166055047972,1,1,1,1,2,1
11,nominal,26.632142857142856,0.35932862882334254,12.093888888888888,0.2267160139353678,0.45834681488101464,0.004985733295644892,1,1,1,1,2,1
12,D1_press1_aging,25.247619047619047,0.2814853197962028,13.151369047619047,0.11139720996565776,0.47755759639685263,0.004515227482664777,1,1,1,2,2,2
12,D2_systemic_degradation,25.16309523809524,0.26327428727495433,13.067460317460316,0.061721459577471306,0.4811599076772971,0.0045913327288757055,1,1,1,2,2,2
12,D3_feeder_failure,26.759523809523806,0.26475050292338576,12.84611111111111,0.29875407245975333,0.458150289746562,0.002818497624282506,1,1,1,2,2,2
12,nominal,26.95952380952381,0.21297549176067923,13.114742063492065,0.16101671219436578,0.4542066272968609,0.0033179801588459853,1,1,1,2,2,2
13,D1_press1_aging,24.110714285714288,0.2568367887480718,10.99765873015873,0.06335164749674356,0.4929439522215687,0.0037912354100834737,1,1,1,1,1,1
13,D2_systemic_degradation,24.05595238095238,0.20060495242833698,10.812718253968253,0.22407873176571358,0.4967731140319335,0.0038993215945516886,1,1,1,1,1,1
13,D3_feeder_failure,25.753571428571426,0.2569057548857632,10.854861111111111,0.17257253124848498,0.47092763049864167,0.003424674317642563,1,1,1,1,1,1
13,nominal,26.173809523809524,0.2900648434034784,11.170793650793652,0.09777787541384839,0.4648813085148579,0.0035357995062633516,1,1,1,1,1,1
14,D1_press1_aging,24.72738095238095,0.17166196083636637,13.202539682539683,0.09802136033897738,0.4843831682520028,0.003218156413622713,1,1,1,3,1,2
14,D2_systemic_degradation,24.517857142857146,0.33282806092724476,12.88049603174603,0.12716475171523747,0.4901858902096734,0.005095622372351123,1,1,1,3,1,2
14,D3_feeder_failure,26.405952380952378,0.09508916927483826,12.812718253968253,0.2973374362120692,0.4623215028633044,0.0027350737767784855,1,1,1,3,1,2
14,nominal,26.829761904761902,0.18966531269318052,13.27781746031746,0.07152951833956477,0.45599856795442484,0.0027078859483725556,1,1,1,3,1,2
