config_id,tp_nominal,wip_nominal,sec_nominal,tp_ratio_D1_press1_aging,tp_drop_pct_D1_press1_aging,wip_infl_pct_D1_press1_aging,tp_ratio_D2_systemic_degradation,tp_drop_pct_D2_systemic_degradation,wip_infl_pct_D2_systemic_degradation,tp_ratio_D3_feeder_failure,tp_drop_pct_D3_feeder_failure,wip_infl_pct_D3_feeder_failure,R_worst,R_mean,R_area
0,27.059523809523807,19.165099206349204,0.45362622143650705,0.9445666520017599,5.543334799824007,0.176101358185614,0.9402551693796746,5.974483062032543,-1.1923335345229953,1.00149582050154,-0.14958205015400683,-0.6236534871899245,0.9402551693796746,0.9621058806276581,0.11368235811702543
1,26.632142857142856,12.219186507936508,0.45834681488101464,0.9365249653569355,6.347503464306447,-0.7209582899648823,0.9252603817442225,7.473961825577746,-2.023067417719007,0.9816727012650307,1.83272987349693,-1.6794755840330393,0.9252603817442225,0.9478193494553963,0.15654195163381124
2,27.291666666666664,20.929206349206346,0.45043264853848014,0.9398037077426392,6.019629225736079,-0.11594263351886508,0.9364885496183206,6.351145038167938,-1.0434837016700234,0.9951581243184296,0.4841875681570351,-0.1349978005976082,0.9364885496183206,0.9571501272264632,0.12854961832061051
3,26.173809523809524,11.264345238095236,0.4648813085148579,0.921177112708087,7.8822887291913,-1.3400901495975874,0.9190848721913945,8.091512780860555,-2.700436656608934,0.9839443282088601,1.605567179113987,-2.0443068186421707,0.9190848721913945,0.9414021043694473,0.17579368689165842
4,27.104761904761904,14.32359126984127,0.4524061618827996,0.9413211524947295,5.867884750527052,-0.42595396372673244,0.9370168657765285,6.298313422347146,-2.0546911037263653,0.9891514406184118,1.084855938158824,-3.4761999088527666,0.9370168657765285,0.9558298196298899,0.13251054111033023
5,27.104761904761904,14.223392857142859,0.4524061618827996,0.9392568517217148,6.07431482782852,0.15735311965112297,0.9370168657765285,6.298313422347146,-1.9835141917727401,0.9891514406184118,1.084855938158824,-2.927074919893604,0.9370168657765285,0.9551417193722184,0.1345748418833449
6,27.104761904761904,14.28640873015873,0.4524061618827996,0.9413211524947295,5.867884750527052,-0.19068517502620697,0.9370168657765285,6.298313422347146,-1.9892088579027478,0.9891514406184118,1.084855938158824,-3.2578971855534893,0.9370168657765285,0.9558298196298899,0.13251054111033023
7,27.264285714285712,17.173650793650797,0.4499686652056173,0.9349401798969524,6.505982010304756,-0.9585790339575393,0.9335865863243386,6.641341367566145,-2.1380575632659977,0.98960789450703,1.0392105492969983,-1.101609146533102,0.9335865863243386,0.952711553576107,0.141865339271679
8,26.632142857142856,12.205337301587303,0.45834681488101464,0.9365249653569355,6.347503464306447,-0.8487374603551417,0.9245451700862723,7.545482991372765,-2.0364171932328627,0.9816727012650307,1.83272987349693,-1.696174422782135,0.9245451700862723,0.9475809455694129,0.15725716329176143
9,26.173809523809524,11.311428571428571,0.4648813085148579,0.921177112708087,7.8822887291913,-1.4983441385310543,0.9190848721913945,8.091512780860555,-2.8326808116527733,0.9839443282088601,1.605567179113987,-1.8645982431029193,0.9190848721913945,0.9414021043694473,0.17579368689165842
10,26.632142857142856,12.218194444444444,0.45834681488101464,0.9365249653569355,6.347503464306447,-0.7216663933081913,0.9255285861159538,7.447141388404621,-2.046940793800557,0.9816727012650307,1.83272987349693,-1.6836717294822865,0.9255285861159538,0.94790875091264,0.15627374726208
11,26.632142857142856,12.093888888888888,0.45834681488101464,0.9365249653569355,6.347503464306447,-0.787161297520046,0.9211479147110099,7.885208528899012,-2.129502634808334,0.9816727012650307,1.83272987349693,-1.8509282531515932,0.9211479147110099,0.946448527110992,0.1606544186670239
12,26.95952380952381,13.114742063492065,0.4542066272968609,0.9365009273160823,6.3499072683917746,0.2792810102528997,0.9333657157996998,6.663428420030016,-0.36052364432975026,0.9925814713415172,0.7418528658482804,-2.0483128915569844,0.9333657157996998,0.9541493714857664,0.1375518855427007
13,26.173809523809524,11.170793650793652,0.4648813085148579,0.921177112708087,7.8822887291913,-1.5498891667614099,0.9190848721913945,8.091512780860555,-3.2054606684097013,0.9839443282088601,1.605567179113987,-2.8282013754689173,0.9190848721913945,0.9414021043694473,0.17579368689165842
14,26.829761904761902,13.27781746031746,0.45599856795442484,0.921639969827395,7.836003017260495,-0.5669439123015056,0.913830589696943,8.616941030305703,-2.992370016826013,0.98420375382704,1.579624617296005,-3.5028287422930613,0.913830589696943,0.9398914377837926,0.18032568664862203
