config_id,generation,individual,scenario,seed,cap_post_loading,cap_post_conveyor,cap_post_washing,cap_pre_press1,cap_pre_press2,cap_post_press12,throughput,wip,sec,produced,wall_seconds
0,1,1,nominal,11,4,1,1,4,3,10,26.93452380952381,19.375,0.45616377588404927,4525,1.6692430973052979
0,1,1,nominal,22,4,1,1,4,3,10,27.351190476190474,19.27748015873016,0.448999838245759,4595,1.6483008861541748
0,1,1,nominal,33,4,1,1,4,3,10,26.720238095238095,19.21517857142857,0.45781063272592587,4489,1.6629302501678467
0,1,1,nominal,44,4,1,1,4,3,10,27.154761904761905,19.05079365079365,0.4521024002568221,4562,1.6894290447235107
0,1,1,nominal,55,4,1,1,4,3,10,27.136904761904763,18.90704365079365,0.45305446006997935,4559,1.7103500366210938
0,1,1,D1_press1_aging,11,4,1,1,4,3,10,25.55952380952381,19.123908730158732,0.4732779764725485,4294,1.6529908180236816
0,1,1,D1_press1_aging,22,4,1,1,4,3,10,25.63095238095238,19.237698412698414,0.47278102194343674,4306,1.6195509433746338
0,1,1,D1_press1_aging,33,4,1,1,4,3,10,25.56547619047619,19.206051587301587,0.47329544844509425,4295,1.6442317962646484
0,1,1,D1_press1_aging,44,4,1,1,4,3,10,25.732142857142858,19.35029761904762,0.46975073890994207,4323,1.653852939605713
0,1,1,D1_press1_aging,55,4,1,1,4,3,10,25.30952380952381,19.07628968253968,0.477736161879684,4252,1.6414551734924316
0,1,1,D2_systemic_degradation,11,4,1,1,4,3,10,25.660714285714285,18.908730158730158,0.4759418993878837,4311,1.7464728355407715
0,1,1,D2_systemic_degradation,22,4,1,1,4,3,10,25.761904761904763,19.46904761904762,0.4721661128452754,4328,1.699556827545166
0,1,1,D2_systemic_degradation,33,4,1,1,4,3,10,25.202380952380953,18.625099206349205,0.4820047158184916,4234,1.6899681091308594
0,1,1,D2_systemic_degradation,44,4,1,1,4,3,10,25.333333333333332,18.831646825396824,0.4783968347457989,4256,1.7092390060424805
0,1,1,D2_systemic_degradation,55,4,1,1,4,3,10,25.25595238095238,18.848412698412698,0.48121422731363794,4243,1.6954259872436523
0,1,1,D3_feeder_failure,11,4,1,1,4,3,10,27.404761904761905,19.036706349206348,0.4503573092456349,4604,1.75205397605896
0,1,1,D3_feeder_failure,22,4,1,1,4,3,10,27.125,18.848511904761907,0.45227248594153135,4557,1.7519779205322266
0,1,1,D3_feeder_failure,33,4,1,1,4,3,10,27.023809523809526,19.09801587301587,0.45534758936905073,4540,1.7461128234863281
0,1,1,D3_feeder_failure,44,4,1,1,4,3,10,27.285714285714285,19.234325396825398,0.4517634824997006,4584,1.7248170375823975
0,1,1,D3_feeder_failure,55,4,1,1,4,3,10,26.660714285714285,19.01031746031746,0.45979855576232526,4479,1.7506890296936035
1,5,12,nominal,11,1,1,1,1,2,9,26.345238095238095,12.222916666666666,0.4628572678408749,4426,1.6892509460449219
1,5,12,nominal,22,1,1,1,1,2,9,26.345238095238095,11.785912698412698,0.46259589431926373,4426,1.7505900859832764
1,5,12,nominal,33,1,1,1,1,2,9,27.047619047619047,12.324603174603174,0.4536029948900972,4544,1.7259280681610107
1,5,12,nominal,44,1,1,1,1,2,9,27.0,12.37827380952381,0.452436108255568,4536,1.6939270496368408
1,5,12,nominal,55,1,1,1,1,2,9,26.422619047619047,12.384226190476191,0.46024180909926965,4439,1.7151570320129395
1,5,12,D1_press1_aging,11,1,1,1,1,2,9,24.696428571428573,12.035119047619048,0.4869589553122844,4149,1.6962671279907227
1,5,12,D1_press1_aging,22,1,1,1,1,2,9,24.970238095238095,11.989087301587302,0.481602715477017,4195,1.683379888534546
1,5,12,D1_press1_aging,33,1,1,1,1,2,9,25.107142857142858,12.184424603174604,0.4795710013651537,4218,1.6834487915039062
1,5,12,D1_press1_aging,44,1,1,1,1,2,9,25.05952380952381,12.347222222222221,0.47898300276691624,4210,1.6600010395050049
1,5,12,D1_press1_aging,55,1,1,1,1,2,9,24.875,12.099603174603175,0.4816173139194783,4179,1.6748690605163574
1,5,12,D2_systemic_degradation,11,1,1,1,1,2,9,24.654761904761905,11.71111111111111,0.4884627955991774,4142,1.746061086654663
1,5,12,D2_systemic_degradation,22,1,1,1,1,2,9,24.69047619047619,12.148710317460317,0.48805287654822205,4148,1.7364428043365479
1,5,12,D2_systemic_degradation,33,1,1,1,1,2,9,24.696428571428573,11.962599206349207,0.4884646899245066,4149,1.717583179473877
1,5,12,D2_systemic_degradation,44,1,1,1,1,2,9,24.779761904761905,11.959126984126984,0.48492396832647405,4163,1.7303869724273682
1,5,12,D2_systemic_degradation,55,1,1,1,1,2,9,24.386904761904763,12.078373015873016,0.491713277943678,4097,1.6886861324310303
1,5,12,D3_feeder_failure,11,1,1,1,1,2,9,26.029761904761905,12.045833333333333,0.46811277307151306,4373,1.751250982284546
1,5,12,D3_feeder_failure,22,1,1,1,1,2,9,26.071428571428573,12.132242063492063,0.46936088860038905,4380,1.761781930923462
1,5,12,D3_feeder_failure,33,1,1,1,1,2,9,25.75,11.904761904761905,0.47094975488937557,4326,1.7354440689086914
1,5,12,D3_feeder_failure,44,1,1,1,1,2,9,26.36904761904762,11.88779761904762,0.4622422491656913,4430,1.7662038803100586
1,5,12,D3_feeder_failure,55,1,1,1,1,2,9,26.5,12.09920634920635,0.46151058488216207,4452,1.7659430503845215
2,5,13,nominal,11,1,3,4,3,4,2,27.19047619047619,21.129166666666666,0.4513932815121426,4568,1.7238478660583496
2,5,13,nominal,22,1,3,4,3,4,2,27.38095238095238,20.646130952380954,0.45053829848384536,4600,1.70054292678833
2,5,13,nominal,33,1,3,4,3,4,2,27.333333333333332,21.216964285714287,0.4501093523348153,4592,1.7109980583190918
2,5,13,nominal,44,1,3,4,3,4,2,27.708333333333332,20.840079365079365,0.4452191929951855,4655,1.704801082611084
2,5,13,nominal,55,1,3,4,3,4,2,26.845238095238095,20.813690476190477,0.45490311736641237,4510,1.692091941833496
2,5,13,D1_press1_aging,11,1,3,4,3,4,2,25.595238095238095,21.274603174603175,0.4732265802944294,4300,1.6758880615234375
2,5,13,D1_press1_aging,22,1,3,4,3,4,2,25.333333333333332,20.775396825396825,0.4757873652981904,4256,1.6400246620178223
2,5,13,D1_press1_aging,33,1,3,4,3,4,2,25.488095238095237,21.05386904761905,0.47412210489352075,4282,1.6751189231872559
2,5,13,D1_press1_aging,44,1,3,4,3,4,2,26.053571428571427,20.511011904761904,0.4658360953835662,4377,1.6601669788360596
2,5,13,D1_press1_aging,55,1,3,4,3,4,2,25.773809523809526,20.90982142857143,0.47086101996803165,4330,1.6587300300598145
2,5,13,D2_systemic_degradation,11,1,3,4,3,4,2,25.75,20.761111111111113,0.47230160619590505,4326,1.7344210147857666
2,5,13,D2_systemic_degradation,22,1,3,4,3,4,2,25.386904761904763,20.85892857142857,0.4784332299895761,4265,1.6951961517333984
2,5,13,D2_systemic_degradation,33,1,3,4,3,4,2,25.351190476190474,20.574900793650794,0.4786639610814759,4259,1.725032091140747
2,5,13,D2_systemic_degradation,44,1,3,4,3,4,2,25.511904761904763,20.314880952380953,0.47493560745718166,4286,1.6984069347381592
2,5,13,D2_systemic_degradation,55,1,3,4,3,4,2,25.791666666666668,21.04424603174603,0.4735135581455735,4333,1.7347021102905273
2,5,13,D3_feeder_failure,11,1,3,4,3,4,2,27.261904761904763,20.951984126984126,0.4513480326964153,4580,1.7607851028442383
2,5,13,D3_feeder_failure,22,1,3,4,3,4,2,27.023809523809526,21.01170634920635,0.45579093084104355,4540,1.738893985748291
2,5,13,D3_feeder_failure,33,1,3,4,3,4,2,26.982142857142858,20.777281746031747,0.45703773476430354,4533,1.7749130725860596
2,5,13,D3_feeder_failure,44,1,3,4,3,4,2,27.226190476190474,20.906051587301587,0.45330876846857643,4574,1.7577860355377197
2,5,13,D3_feeder_failure,55,1,3,4,3,4,2,27.303571428571427,20.857738095238094,0.45283692828663796,4587,1.8025028705596924
3,6,19,nominal,11,1,1,1,1,1,2,26.303571428571427,11.30595238095238,0.4642175952710225,4419,1.7076058387756348
3,6,19,nominal,22,1,1,1,1,1,2,26.422619047619047,11.414087301587301,0.4608342525436807,4439,1.7305471897125244
3,6,19,nominal,33,1,1,1,1,1,2,25.80952380952381,11.256448412698413,0.46889738895005834,4336,1.6976850032806396
3,6,19,nominal,44,1,1,1,1,1,2,26.416666666666668,11.132837301587301,0.4623288135145834,4438,1.7707200050354004
3,6,19,nominal,55,1,1,1,1,1,2,25.916666666666668,11.212400793650794,0.46812849229494485,4354,1.7027840614318848
3,6,19,D1_press1_aging,11,1,1,1,1,1,2,24.44047619047619,11.310019841269842,0.4881902275866764,4106,1.6465442180633545
3,6,19,D1_press1_aging,22,1,1,1,1,1,2,24.214285714285715,11.043551587301588,0.4906149321718575,4068,1.704118013381958
3,6,19,D1_press1_aging,33,1,1,1,1,1,2,23.910714285714285,11.082638888888889,0.49576376513406667,4017,1.6654162406921387
3,6,19,D1_press1_aging,44,1,1,1,1,1,2,24.19047619047619,11.068452380952381,0.4925820275511661,4064,1.6558411121368408
3,6,19,D1_press1_aging,55,1,1,1,1,1,2,23.797619047619047,11.062301587301587,0.4975688086640768,3998,1.741136074066162
3,6,19,D2_systemic_degradation,11,1,1,1,1,1,2,24.38095238095238,10.966468253968253,0.4917759219200824,4096,1.719956874847412
3,6,19,D2_systemic_degradation,22,1,1,1,1,1,2,24.05952380952381,11.036309523809523,0.4978742723723922,4042,1.7193570137023926
3,6,19,D2_systemic_degradation,33,1,1,1,1,1,2,23.845238095238095,11.039087301587301,0.5017047818591442,4006,1.6935980319976807
3,6,19,D2_systemic_degradation,44,1,1,1,1,1,2,23.952380952380953,11.23392857142857,0.4984662629004948,4024,1.702179193496704
3,6,19,D2_systemic_degradation,55,1,1,1,1,1,2,24.041666666666668,10.525,0.4940443311075542,4039,1.7635750770568848
3,6,19,D3_feeder_failure,11,1,1,1,1,1,2,25.410714285714285,10.900992063492064,0.47592808940099696,4269,1.7739269733428955
3,6,19,D3_feeder_failure,22,1,1,1,1,1,2,25.56547619047619,10.99781746031746,0.47293894148162346,4295,1.730630874633789
3,6,19,D3_feeder_failure,33,1,1,1,1,1,2,26.00595238095238,11.137996031746031,0.4690529227233531,4369,1.7381699085235596
3,6,19,D3_feeder_failure,44,1,1,1,1,1,2,25.958333333333332,10.861904761904762,0.4675993683006135,4361,1.7898190021514893
3,6,19,D3_feeder_failure,55,1,1,1,1,1,2,25.827380952380953,11.271626984126984,0.4691188305866214,4339,1.7424120903015137
4,7,14,nominal,11,1,1,1,3,2,4,26.851190476190474,14.379761904761905,0.457287638206809,4511,1.724759817123413
4,7,14,nominal,22,1,1,1,3,2,4,27.291666666666668,14.44811507936508,0.45059463128140514,4585,1.7383391857147217
4,7,14,nominal,33,1,1,1,3,2,4,26.898809523809526,14.249801587301587,0.454412847389952,4519,1.7380759716033936
4,7,14,nominal,44,1,1,1,3,2,4,27.357142857142858,13.919940476190476,0.44680099045846994,4596,1.8092269897460938
4,7,14,nominal,55,1,1,1,3,2,4,27.125,14.620337301587302,0.452934702077362,4557,1.7456340789794922
4,7,14,D1_press1_aging,11,1,1,1,3,2,4,25.785714285714285,14.348214285714286,0.4692657994844736,4332,1.6677320003509521
4,7,14,D1_press1_aging,22,1,1,1,3,2,4,25.398809523809526,14.153571428571428,0.4750239804149505,4267,1.6952908039093018
4,7,14,D1_press1_aging,33,1,1,1,3,2,4,25.279761904761905,14.412896825396825,0.4772115863350266,4247,1.6736781597137451
4,7,14,D1_press1_aging,44,1,1,1,3,2,4,25.642857142857142,14.239186507936507,0.47340986098774845,4308,1.689126968383789
4,7,14,D1_press1_aging,55,1,1,1,3,2,4,25.464285714285715,14.159027777777778,0.4734348217601991,4278,1.7114250659942627
4,7,14,D2_systemic_degradation,11,1,1,1,3,2,4,25.75,14.41031746031746,0.47175717262869815,4326,1.7452292442321777
4,7,14,D2_systemic_degradation,22,1,1,1,3,2,4,25.24404761904762,13.936011904761905,0.47798127500181486,4241,1.77485990524292
4,7,14,D2_systemic_degradation,33,1,1,1,3,2,4,25.571428571428573,14.003869047619048,0.47546227636610283,4296,1.737785816192627
4,7,14,D2_systemic_degradation,44,1,1,1,3,2,4,25.428571428571427,13.542162698412698,0.4775211817545211,4272,1.7839579582214355
4,7,14,D2_systemic_degradation,55,1,1,1,3,2,4,24.99404761904762,14.25406746031746,0.4826492914161986,4199,1.742642879486084
4,7,14,D3_feeder_failure,11,1,1,1,3,2,4,26.785714285714285,13.706150793650794,0.4571270998222539,4500,1.7695589065551758
4,7,14,D3_feeder_failure,22,1,1,1,3,2,4,26.946428571428573,13.685912698412698,0.45571282844678596,4527,1.7780869007110596
4,7,14,D3_feeder_failure,33,1,1,1,3,2,4,26.827380952380953,13.986904761904762,0.45984615229115,4507,1.7589449882507324
4,7,14,D3_feeder_failure,44,1,1,1,3,2,4,26.988095238095237,13.79295634920635,0.4531887525775113,4534,1.8311121463775635
4,7,14,D3_feeder_failure,55,1,1,1,3,2,4,26.50595238095238,13.956448412698412,0.46116508981379833,4453,1.7481029033660889
5,7,15,nominal,11,1,1,1,3,2,2,26.851190476190474,14.35873015873016,0.457287638206809,4511,1.7536280155181885
5,7,15,nominal,22,1,1,1,3,2,2,27.291666666666668,14.351984126984126,0.45059463128140514,4585,1.721660852432251
5,7,15,nominal,33,1,1,1,3,2,2,26.898809523809526,14.235714285714286,0.454412847389952,4519,1.7315382957458496
5,7,15,nominal,44,1,1,1,3,2,2,27.357142857142858,13.73829365079365,0.44680099045846994,4596,1.821225881576538
5,7,15,nominal,55,1,1,1,3,2,2,27.125,14.432242063492064,0.452934702077362,4557,1.7259199619293213
5,7,15,D1_press1_aging,11,1,1,1,3,2,2,25.50595238095238,14.319940476190476,0.4735391340010608,4285,1.6959848403930664
5,7,15,D1_press1_aging,22,1,1,1,3,2,2,25.398809523809526,14.138293650793651,0.4750239804149505,4267,1.678368091583252
5,7,15,D1_press1_aging,33,1,1,1,3,2,2,25.279761904761905,14.399603174603175,0.4772115863350266,4247,1.6956291198730469
5,7,15,D1_press1_aging,44,1,1,1,3,2,2,25.642857142857142,14.227380952380953,0.47340986098774845,4308,1.6769483089447021
5,7,15,D1_press1_aging,55,1,1,1,3,2,2,25.464285714285715,14.143650793650794,0.4734348217601991,4278,1.7138521671295166
5,7,15,D2_systemic_degradation,11,1,1,1,3,2,2,25.75,14.289484126984126,0.47175717262869815,4326,1.7197775840759277
5,7,15,D2_systemic_degradation,22,1,1,1,3,2,2,25.24404761904762,13.897916666666667,0.47798127500181486,4241,1.7377033233642578
5,7,15,D2_systemic_degradation,33,1,1,1,3,2,2,25.571428571428573,13.96984126984127,0.47546227636610283,4296,1.7541258335113525
5,7,15,D2_systemic_degradation,44,1,1,1,3,2,2,25.428571428571427,13.512301587301588,0.4775211817545211,4272,1.7542340755462646
5,7,15,D2_systemic_degradation,55,1,1,1,3,2,2,24.99404761904762,14.036805555555556,0.4826492914161986,4199,1.7723300457000732
5,7,15,D3_feeder_failure,11,1,1,1,3,2,2,26.785714285714285,13.685912698412698,0.4571270998222539,4500,1.741663932800293
5,7,15,D3_feeder_failure,22,1,1,1,3,2,2,26.946428571428573,13.669444444444444,0.45571282844678596,4527,1.7926080226898193
5,7,15,D3_feeder_failure,33,1,1,1,3,2,2,26.827380952380953,13.966964285714285,0.45984615229115,4507,1.7526028156280518
5,7,15,D3_feeder_failure,44,1,1,1,3,2,2,26.988095238095237,13.775297619047619,0.4531887525775113,4534,1.8278331756591797
5,7,15,D3_feeder_failure,55,1,1,1,3,2,2,26.50595238095238,13.937698412698413,0.46116508981379833,4453,1.7676429748535156
6,7,17,nominal,11,1,1,1,3,2,3,26.851190476190474,14.374206349206348,0.457287638206809,4511,1.7612040042877197
6,7,17,nominal,22,1,1,1,3,2,3,27.291666666666668,14.44593253968254,0.45059463128140514,4585,1.7250330448150635
6,7,17,nominal,33,1,1,1,3,2,3,26.898809523809526,14.246924603174604,0.454412847389952,4519,1.7164928913116455
6,7,17,nominal,44,1,1,1,3,2,3,27.357142857142858,13.833333333333334,0.44680099045846994,4596,1.8321380615234375
6,7,17,nominal,55,1,1,1,3,2,3,27.125,14.531646825396825,0.452934702077362,4557,1.7112548351287842
6,7,17,D1_press1_aging,11,1,1,1,3,2,3,25.785714285714285,14.343650793650793,0.4692657994844736,4332,1.6891648769378662
6,7,17,D1_press1_aging,22,1,1,1,3,2,3,25.398809523809526,14.149603174603175,0.4750239804149505,4267,1.6720387935638428
6,7,17,D1_press1_aging,33,1,1,1,3,2,3,25.279761904761905,14.409920634920635,0.4772115863350266,4247,1.6820762157440186
6,7,17,D1_press1_aging,44,1,1,1,3,2,3,25.642857142857142,14.236507936507936,0.47340986098774845,4308,1.6989598274230957
6,7,17,D1_press1_aging,55,1,1,1,3,2,3,25.464285714285715,14.156150793650793,0.4734348217601991,4278,1.696286916732788
6,7,17,D2_systemic_degradation,11,1,1,1,3,2,3,25.75,14.400694444444444,0.47175717262869815,4326,1.74111008644104
6,7,17,D2_systemic_degradation,22,1,1,1,3,2,3,25.24404761904762,13.925496031746032,0.47798127500181486,4241,1.7337169647216797
6,7,17,D2_systemic_degradation,33,1,1,1,3,2,3,25.571428571428573,13.995039682539682,0.47546227636610283,4296,1.7656798362731934
6,7,17,D2_systemic_degradation,44,1,1,1,3,2,3,25.428571428571427,13.534623015873017,0.4775211817545211,4272,1.771827220916748
6,7,17,D2_systemic_degradation,55,1,1,1,3,2,3,24.99404761904762,14.155257936507937,0.4826492914161986,4199,1.7745108604431152
6,7,17,D3_feeder_failure,11,1,1,1,3,2,3,26.785714285714285,13.700892857142858,0.4571270998222539,4500,1.7435741424560547
6,7,17,D3_feeder_failure,22,1,1,1,3,2,3,26.946428571428573,13.681646825396825,0.45571282844678596,4527,1.7753589153289795
6,7,17,D3_feeder_failure,33,1,1,1,3,2,3,26.827380952380953,13.981448412698413,0.45984615229115,4507,1.7811298370361328
6,7,17,D3_feeder_failure,44,1,1,1,3,2,3,26.988095238095237,13.789186507936508,0.4531887525775113,4534,1.7987689971923828
6,7,17,D3_feeder_failure,55,1,1,1,3,2,3,26.50595238095238,13.951686507936508,0.46116508981379833,4453,1.7819671630859375
7,8,11,nominal,11,3,1,1,3,3,6,27.273809523809526,17.093154761904763,0.44946771027654203,4582,1.7266499996185303
7,8,11,nominal,22,3,1,1,3,3,6,27.297619047619047,17.108829365079366,0.44832634293361445,4586,1.7267160415649414
7,8,11,nominal,33,3,1,1,3,3,6,27.226190476190474,17.14890873015873,0.45133811547656344,4574,1.7411830425262451
7,8,11,nominal,44,3,1,1,3,3,6,27.458333333333332,17.04652777777778,0.4481306965180432,4613,1.7385258674621582
7,8,11,nominal,55,3,1,1,3,3,6,27.06547619047619,17.470833333333335,0.45258046082332387,4547,1.7217919826507568
7,8,11,D1_press1_aging,11,3,1,1,3,3,6,25.089285714285715,17.017063492063492,0.4800527877317543,4215,1.6756799221038818
7,8,11,D1_press1_aging,22,3,1,1,3,3,6,25.523809523809526,16.331051587301587,0.4730891712779135,4288,1.7752368450164795
7,8,11,D1_press1_aging,33,3,1,1,3,3,6,25.857142857142858,17.306646825396825,0.46945385470587275,4344,1.6919951438903809
7,8,11,D1_press1_aging,44,3,1,1,3,3,6,25.607142857142858,17.243650793650794,0.47187102270507214,4302,1.6733477115631104
7,8,11,D1_press1_aging,55,3,1,1,3,3,6,25.375,17.14672619047619,0.47463190490087953,4263,1.7032208442687988
7,8,11,D2_systemic_degradation,11,3,1,1,3,3,6,25.178571428571427,16.57470238095238,0.4763034637026873,4230,1.7646031379699707
7,8,11,D2_systemic_degradation,22,3,1,1,3,3,6,25.601190476190474,16.742559523809526,0.47377535966467427,4301,1.747661828994751
7,8,11,D2_systemic_degradation,33,3,1,1,3,3,6,25.392857142857142,16.82113095238095,0.47738235938170376,4266,1.7469868659973145
7,8,11,D2_systemic_degradation,44,3,1,1,3,3,6,25.56547619047619,17.18125,0.47449894667667747,4295,1.7247543334960938
7,8,11,D2_systemic_degradation,55,3,1,1,3,3,6,25.529761904761905,16.712698412698412,0.4748761244471061,4289,1.742521047592163
7,8,11,D3_feeder_failure,11,3,1,1,3,3,6,26.94047619047619,17.013988095238094,0.4568449980727876,4526,1.7664871215820312
7,8,11,D3_feeder_failure,22,3,1,1,3,3,6,27.089285714285715,17.2156746031746,0.45627446551873996,4551,1.7233378887176514
7,8,11,D3_feeder_failure,33,3,1,1,3,3,6,26.738095238095237,16.709027777777777,0.460743785858638,4492,1.7158820629119873
7,8,11,D3_feeder_failure,44,3,1,1,3,3,6,27.035714285714285,16.8234126984127,0.4537197788569188,4542,1.7061290740966797
7,8,11,D3_feeder_failure,55,3,1,1,3,3,6,27.101190476190474,17.160218253968253,0.45478858926892485,4553,1.7319469451904297
8,8,12,nominal,11,1,1,1,1,2,2,26.345238095238095,12.203670634920634,0.4628572678408749,4426,1.7026927471160889
8,8,12,nominal,22,1,1,1,1,2,2,26.345238095238095,11.774404761904762,0.46259589431926373,4426,1.7395360469818115
8,8,12,nominal,33,1,1,1,1,2,2,27.047619047619047,12.312202380952382,0.4536029948900972,4544,1.6837608814239502
8,8,12,nominal,44,1,1,1,1,2,2,27.0,12.366865079365079,0.452436108255568,4536,1.6633150577545166
8,8,12,nominal,55,1,1,1,1,2,2,26.422619047619047,12.36954365079365,0.46024180909926965,4439,1.6685659885406494
8,8,12,D1_press1_aging,11,1,1,1,1,2,2,24.696428571428573,12.023214285714285,0.4869589553122844,4149,1.655973196029663
8,8,12,D1_press1_aging,22,1,1,1,1,2,2,24.970238095238095,11.977976190476191,0.481602715477017,4195,1.6328577995300293
8,8,12,D1_press1_aging,33,1,1,1,1,2,2,25.107142857142858,12.084523809523809,0.4795710013651537,4218,1.6712861061096191
8,8,12,D1_press1_aging,44,1,1,1,1,2,2,25.05952380952381,12.333333333333334,0.47898300276691624,4210,1.637709140777588
8,8,12,D1_press1_aging,55,1,1,1,1,2,2,24.875,12.08968253968254,0.4816173139194783,4179,1.6203029155731201
8,8,12,D2_systemic_degradation,11,1,1,1,1,2,2,24.654761904761905,11.678174603174604,0.4884627955991774,4142,1.72849702835083
8,8,12,D2_systemic_degradation,22,1,1,1,1,2,2,24.69047619047619,12.113392857142857,0.48805287654822205,4148,1.6836721897125244
8,8,12,D2_systemic_degradation,33,1,1,1,1,2,2,24.696428571428573,11.919444444444444,0.4884646899245066,4149,1.6869418621063232
8,8,12,D2_systemic_degradation,44,1,1,1,1,2,2,24.68452380952381,12.033234126984127,0.48681511647120645,4147,1.6703917980194092
8,8,12,D2_systemic_degradation,55,1,1,1,1,2,2,24.386904761904763,12.03968253968254,0.491713277943678,4097,1.6588799953460693
8,8,12,D3_feeder_failure,11,1,1,1,1,2,2,26.029761904761905,12.027579365079365,0.46811277307151306,4373,1.7176010608673096
8,8,12,D3_feeder_failure,22,1,1,1,1,2,2,26.071428571428573,12.113392857142857,0.46936088860038905,4380,1.7200860977172852
8,8,12,D3_feeder_failure,33,1,1,1,1,2,2,25.75,11.892261904761904,0.47094975488937557,4326,1.713494062423706
8,8,12,D3_feeder_failure,44,1,1,1,1,2,2,26.36904761904762,11.877380952380953,0.4622422491656913,4430,1.7219600677490234
8,8,12,D3_feeder_failure,55,1,1,1,1,2,2,26.5,12.08095238095238,0.46151058488216207,4452,1.716581106185913
9,8,13,nominal,11,1,1,1,1,1,4,26.303571428571427,11.31547619047619,0.4642175952710225,4419,1.6823570728302002
9,8,13,nominal,22,1,1,1,1,1,4,26.422619047619047,11.508531746031746,0.4608342525436807,4439,1.6732831001281738
9,8,13,nominal,33,1,1,1,1,1,4,25.80952380952381,11.269047619047619,0.46889738895005834,4336,1.6615879535675049
9,8,13,nominal,44,1,1,1,1,1,4,26.416666666666668,11.146130952380952,0.4623288135145834,4438,1.6884608268737793
9,8,13,nominal,55,1,1,1,1,1,4,25.916666666666668,11.31795634920635,0.46812849229494485,4354,1.6480779647827148
9,8,13,D1_press1_aging,11,1,1,1,1,1,4,24.44047619047619,11.318948412698413,0.4881902275866764,4106,1.6126601696014404
9,8,13,D1_press1_aging,22,1,1,1,1,1,4,24.214285714285715,11.058531746031745,0.4906149321718575,4068,1.6394789218902588
9,8,13,D1_press1_aging,33,1,1,1,1,1,4,23.910714285714285,11.094246031746032,0.49576376513406667,4017,1.6298060417175293
9,8,13,D1_press1_aging,44,1,1,1,1,1,4,24.19047619047619,11.164186507936508,0.4925820275511661,4064,1.6093461513519287
9,8,13,D1_press1_aging,55,1,1,1,1,1,4,23.797619047619047,11.073809523809524,0.4975688086640768,3998,1.602550745010376
9,8,13,D2_systemic_degradation,11,1,1,1,1,1,4,24.38095238095238,10.992857142857142,0.4917759219200824,4096,1.6737489700317383
9,8,13,D2_systemic_degradation,22,1,1,1,1,1,4,24.05952380952381,11.065277777777778,0.4978742723723922,4042,1.6373517513275146
9,8,13,D2_systemic_degradation,33,1,1,1,1,1,4,23.845238095238095,11.066468253968255,0.5017047818591442,4006,1.6617112159729004
9,8,13,D2_systemic_degradation,44,1,1,1,1,1,4,23.952380952380953,11.26875,0.4984662629004948,4024,1.6586692333221436
9,8,13,D2_systemic_degradation,55,1,1,1,1,1,4,24.041666666666668,10.561706349206348,0.4940443311075542,4039,1.7370967864990234
9,8,13,D3_feeder_failure,11,1,1,1,1,1,4,25.410714285714285,10.915376984126985,0.47592808940099696,4269,1.7381229400634766
9,8,13,D3_feeder_failure,22,1,1,1,1,1,4,25.56547619047619,11.093452380952382,0.47293894148162346,4295,1.6996040344238281
9,8,13,D3_feeder_failure,33,1,1,1,1,1,4,26.00595238095238,11.156150793650793,0.4690529227233531,4369,1.6920650005340576
9,8,13,D3_feeder_failure,44,1,1,1,1,1,4,25.958333333333332,10.884126984126985,0.4675993683006135,4361,1.7526347637176514
9,8,13,D3_feeder_failure,55,1,1,1,1,1,4,25.827380952380953,11.453472222222222,0.4691188305866214,4339,1.6815111637115479
10,8,14,nominal,11,1,1,1,1,2,4,26.345238095238095,12.21984126984127,0.4628572678408749,4426,1.6702020168304443
10,8,14,nominal,22,1,1,1,1,2,4,26.345238095238095,11.785218253968255,0.46259589431926373,4426,1.7190110683441162
10,8,14,nominal,33,1,1,1,1,2,4,27.047619047619047,12.32420634920635,0.4536029948900972,4544,1.6672728061676025
10,8,14,nominal,44,1,1,1,1,2,4,27.0,12.377876984126985,0.452436108255568,4536,1.6772410869598389
10,8,14,nominal,55,1,1,1,1,2,4,26.422619047619047,12.383829365079364,0.46024180909926965,4439,1.6808021068572998
10,8,14,D1_press1_aging,11,1,1,1,1,2,4,24.696428571428573,12.033333333333333,0.4869589553122844,4149,1.6648058891296387
10,8,14,D1_press1_aging,22,1,1,1,1,2,4,24.970238095238095,11.988988095238096,0.481602715477017,4195,1.6294960975646973
10,8,14,D1_press1_aging,33,1,1,1,1,2,4,25.107142857142858,12.18204365079365,0.4795710013651537,4218,1.6693451404571533
10,8,14,D1_press1_aging,44,1,1,1,1,2,4,25.05952380952381,12.346130952380953,0.47898300276691624,4210,1.6435329914093018
10,8,14,D1_press1_aging,55,1,1,1,1,2,4,24.875,12.099603174603175,0.4816173139194783,4179,1.6171581745147705
10,8,14,D2_systemic_degradation,11,1,1,1,1,2,4,24.654761904761905,11.708829365079366,0.4884627955991774,4142,1.7170798778533936
10,8,14,D2_systemic_degradation,22,1,1,1,1,2,4,24.69047619047619,12.144146825396826,0.48805287654822205,4148,1.6653921604156494
10,8,14,D2_systemic_degradation,33,1,1,1,1,2,4,24.696428571428573,11.959325396825397,0.4884646899245066,4149,1.6852281093597412
10,8,14,D2_systemic_degradation,44,1,1,1,1,2,4,24.81547619047619,11.952083333333333,0.4837255686299595,4169,1.6809718608856201
10,8,14,D2_systemic_degradation,55,1,1,1,1,2,4,24.386904761904763,12.07609126984127,0.491713277943678,4097,1.6669020652770996
10,8,14,D3_feeder_failure,11,1,1,1,1,2,4,26.029761904761905,12.043849206349206,0.46811277307151306,4373,1.7203900814056396
10,8,14,D3_feeder_failure,22,1,1,1,1,2,4,26.071428571428573,12.13015873015873,0.46936088860038905,4380,1.6984038352966309
10,8,14,D3_feeder_failure,33,1,1,1,1,2,4,25.75,11.904464285714285,0.47094975488937557,4326,1.6959989070892334
10,8,14,D3_feeder_failure,44,1,1,1,1,2,4,26.36904761904762,11.887698412698413,0.4622422491656913,4430,1.7035331726074219
10,8,14,D3_feeder_failure,55,1,1,1,1,2,4,26.5,12.096230158730158,0.46151058488216207,4452,1.6922478675842285
11,8,15,nominal,11,1,1,1,1,2,1,26.345238095238095,12.060119047619047,0.4628572678408749,4426,1.6727042198181152
11,8,15,nominal,22,1,1,1,1,2,1,26.345238095238095,11.711607142857142,0.46259589431926373,4426,1.7183289527893066
11,8,15,nominal,33,1,1,1,1,2,1,27.047619047619047,12.252876984126985,0.4536029948900972,4544,1.6636440753936768
11,8,15,nominal,44,1,1,1,1,2,1,27.0,12.223611111111111,0.452436108255568,4536,1.6651239395141602
11,8,15,nominal,55,1,1,1,1,2,1,26.422619047619047,12.221230158730158,0.46024180909926965,4439,1.677037000656128
11,8,15,D1_press1_aging,11,1,1,1,1,2,1,24.696428571428573,11.974702380952381,0.4869589553122844,4149,1.677889108657837
11,8,15,D1_press1_aging,22,1,1,1,1,2,1,24.970238095238095,11.926289682539682,0.481602715477017,4195,1.6386559009552002
11,8,15,D1_press1_aging,33,1,1,1,1,2,1,25.107142857142858,11.945039682539683,0.4795710013651537,4218,1.6659190654754639
11,8,15,D1_press1_aging,44,1,1,1,1,2,1,25.05952380952381,12.112301587301587,0.47898300276691624,4210,1.6388311386108398
11,8,15,D1_press1_aging,55,1,1,1,1,2,1,24.875,12.035119047619048,0.4816173139194783,4179,1.6262998580932617
11,8,15,D2_systemic_degradation,11,1,1,1,1,2,1,24.654761904761905,11.596924603174603,0.4884627955991774,4142,1.7099709510803223
11,8,15,D2_systemic_degradation,22,1,1,1,1,2,1,24.69047619047619,11.950793650793651,0.48805287654822205,4148,1.656421184539795
11,8,15,D2_systemic_degradation,33,1,1,1,1,2,1,24.696428571428573,11.821428571428571,0.4884646899245066,4149,1.6741149425506592
11,8,15,D2_systemic_degradation,44,1,1,1,1,2,1,24.232142857142858,11.866468253968254,0.49388811730787746,4071,1.6827359199523926
11,8,15,D2_systemic_degradation,55,1,1,1,1,2,1,24.386904761904763,11.946130952380953,0.491713277943678,4097,1.6747040748596191
11,8,15,D3_feeder_failure,11,1,1,1,1,2,1,26.029761904761905,11.881150793650793,0.46811277307151306,4373,1.7282981872558594
11,8,15,D3_feeder_failure,22,1,1,1,1,2,1,26.071428571428573,11.88234126984127,0.46936088860038905,4380,1.7093889713287354
11,8,15,D3_feeder_failure,33,1,1,1,1,2,1,25.75,11.75218253968254,0.47094975488937557,4326,1.7124569416046143
11,8,15,D3_feeder_failure,44,1,1,1,1,2,1,26.36904761904762,11.817460317460318,0.4622422491656913,4430,1.7135372161865234
11,8,15,D3_feeder_failure,55,1,1,1,1,2,1,26.5,12.017063492063492,0.46151058488216207,4452,1.6972651481628418
12,9,13,nominal,11,1,1,1,2,2,2,26.988095238095237,13.197222222222223,0.45357091643386127,4534,1.6686580181121826
12,9,13,nominal,22,1,1,1,2,2,2,27.172619047619047,13.178670634920636,0.45113900474706015,4565,1.6874301433563232
12,9,13,nominal,33,1,1,1,2,2,2,26.660714285714285,12.95625,0.458660079370692,4479,1.7171380519866943
12,9,13,nominal,44,1,1,1,2,2,2,26.839285714285715,13.304662698412699,0.45648740668056337,4509,1.6841940879821777
12,9,13,nominal,55,1,1,1,2,2,2,27.136904761904763,12.936904761904762,0.4511757292521276,4559,1.723479986190796
12,9,13,D1_press1_aging,11,1,1,1,2,2,2,25.69047619047619,13.2953373015873,0.47061151561997333,4316,1.6424448490142822
12,9,13,D1_press1_aging,22,1,1,1,2,2,2,25.25,13.011904761904763,0.4797485511003455,4242,1.6731939315795898
12,9,13,D1_press1_aging,33,1,1,1,2,2,2,25.285714285714285,13.120833333333334,0.4754815638067127,4248,1.6530191898345947
12,9,13,D1_press1_aging,44,1,1,1,2,2,2,25.041666666666668,13.100396825396825,0.48031799615373094,4207,1.6535308361053467
12,9,13,D1_press1_aging,55,1,1,1,2,2,2,24.970238095238095,13.228373015873016,0.481628355303501,4195,1.6456151008605957
12,9,13,D2_systemic_degradation,11,1,1,1,2,2,2,24.857142857142858,13.045833333333333,0.4867861425897605,4176,1.6985819339752197
12,9,13,D2_systemic_degradation,22,1,1,1,2,2,2,25.30952380952381,13.10952380952381,0.47778661560137564,4252,1.7048230171203613
12,9,13,D2_systemic_degradation,33,1,1,1,2,2,2,25.339285714285715,13.153174603174604,0.4794599091847029,4257,1.7069129943847656
12,9,13,D2_systemic_degradation,44,1,1,1,2,2,2,25.410714285714285,13.017559523809524,0.4765105155660432,4269,1.6945521831512451
12,9,13,D2_systemic_degradation,55,1,1,1,2,2,2,24.898809523809526,13.011210317460318,0.48525635544460377,4183,1.6998047828674316
12,9,13,D3_feeder_failure,11,1,1,1,2,2,2,27.047619047619047,12.960912698412699,0.45487911570969813,4544,1.7487547397613525
12,9,13,D3_feeder_failure,22,1,1,1,2,2,2,26.511904761904763,12.400297619047619,0.46017685273251474,4454,1.78580904006958
12,9,13,D3_feeder_failure,33,1,1,1,2,2,2,26.446428571428573,13.072916666666666,0.4617934060448958,4443,1.7101378440856934
12,9,13,D3_feeder_failure,44,1,1,1,2,2,2,26.916666666666668,12.688194444444445,0.45631093234911574,4522,1.7068390846252441
12,9,13,D3_feeder_failure,55,1,1,1,2,2,2,26.875,13.108234126984128,0.45759114189658623,4515,1.709906816482544
13,9,15,nominal,11,1,1,1,1,1,1,26.303571428571427,11.251785714285715,0.4642175952710225,4419,1.6786150932312012
13,9,15,nominal,22,1,1,1,1,1,1,26.422619047619047,11.272619047619047,0.4608342525436807,4439,1.668013095855713
13,9,15,nominal,33,1,1,1,1,1,1,25.80952380952381,11.19156746031746,0.46889738895005834,4336,1.6606271266937256
13,9,15,nominal,44,1,1,1,1,1,1,26.416666666666668,11.077876984126984,0.4623288135145834,4438,1.6976780891418457
13,9,15,nominal,55,1,1,1,1,1,1,25.916666666666668,11.060119047619047,0.46812849229494485,4354,1.676194667816162
13,9,15,D1_press1_aging,11,1,1,1,1,1,1,24.44047619047619,11.096130952380953,0.4881902275866764,4106,1.6268651485443115
13,9,15,D1_press1_aging,22,1,1,1,1,1,1,24.214285714285715,10.992063492063492,0.4906149321718575,4068,1.6419651508331299
13,9,15,D1_press1_aging,33,1,1,1,1,1,1,23.910714285714285,10.949404761904763,0.49576376513406667,4017,1.6558442115783691
13,9,15,D1_press1_aging,44,1,1,1,1,1,1,24.19047619047619,10.936607142857143,0.4925820275511661,4064,1.6103010177612305
13,9,15,D1_press1_aging,55,1,1,1,1,1,1,23.797619047619047,11.0140873015873,0.4975688086640768,3998,1.6089379787445068
13,9,15,D2_systemic_degradation,11,1,1,1,1,1,1,24.38095238095238,10.804662698412699,0.4917759219200824,4096,1.6913092136383057
13,9,15,D2_systemic_degradation,22,1,1,1,1,1,1,24.05952380952381,10.958035714285714,0.4978742723723922,4042,1.668877124786377
13,9,15,D2_systemic_degradation,33,1,1,1,1,1,1,23.845238095238095,10.886011904761904,0.5017047818591442,4006,1.6801800727844238
13,9,15,D2_systemic_degradation,44,1,1,1,1,1,1,23.952380952380953,10.983234126984128,0.4984662629004948,4024,1.6793978214263916
13,9,15,D2_systemic_degradation,55,1,1,1,1,1,1,24.041666666666668,10.431646825396825,0.4940443311075542,4039,1.733976125717163
13,9,15,D3_feeder_failure,11,1,1,1,1,1,1,25.410714285714285,10.75436507936508,0.47592808940099696,4269,1.7604198455810547
13,9,15,D3_feeder_failure,22,1,1,1,1,1,1,25.56547619047619,10.85843253968254,0.47293894148162346,4295,1.720444917678833
13,9,15,D3_feeder_failure,33,1,1,1,1,1,1,26.00595238095238,10.987797619047619,0.4690529227233531,4369,1.7215299606323242
13,9,15,D3_feeder_failure,44,1,1,1,1,1,1,25.958333333333332,10.62390873015873,0.4675993683006135,4361,1.7987091541290283
13,9,15,D3_feeder_failure,55,1,1,1,1,1,1,25.827380952380953,11.049801587301587,0.4691188305866214,4339,1.7093207836151123
14,9,16,nominal,11,1,1,1,3,1,2,26.511904761904763,13.24454365079365,0.4605950239440302,4454,1.7554633617401123
14,9,16,nominal,22,1,1,1,3,1,2,26.928571428571427,13.185019841269842,0.4534386063143129,4524,1.719160795211792
14,9,16,nominal,33,1,1,1,3,1,2,27.00595238095238,13.333730158730159,0.45491141756515907,4537,1.7548611164093018
14,9,16,nominal,44,1,1,1,3,1,2,26.875,13.363690476190476,0.4554310223288036,4515,1.7745590209960938
14,9,16,nominal,55,1,1,1,3,1,2,26.827380952380953,13.262103174603174,0.4556167696198188,4507,1.752135992050171
14,9,16,D1_press1_aging,11,1,1,1,3,1,2,24.75,13.19920634920635,0.4827564153626069,4158,1.6984920501708984
14,9,16,D1_press1_aging,22,1,1,1,3,1,2,24.99404761904762,13.324404761904763,0.48019232003548884,4199,1.6551365852355957
14,9,16,D1_press1_aging,33,1,1,1,3,1,2,24.529761904761905,13.242162698412699,0.4874529270800826,4121,1.7032701969146729
14,9,16,D1_press1_aging,44,1,1,1,3,1,2,24.720238095238095,13.054563492063492,0.4837548592319877,4153,1.7208027839660645
14,9,16,D1_press1_aging,55,1,1,1,3,1,2,24.642857142857142,13.192361111111111,0.4877593195498479,4140,1.690356969833374
14,9,16,D2_systemic_degradation,11,1,1,1,3,1,2,24.636904761904763,12.88670634920635,0.4885714345791141,4139,1.7350049018859863
14,9,16,D2_systemic_degradation,22,1,1,1,3,1,2,24.386904761904763,12.693353174603175,0.49267843063636946,4097,1.710132360458374
14,9,16,D2_systemic_degradation,33,1,1,1,3,1,2,24.88095238095238,12.930753968253969,0.4861705978178004,4180,1.7383389472961426
14,9,16,D2_systemic_degradation,44,1,1,1,3,1,2,24.672619047619047,12.849503968253968,0.4856717875398966,4145,1.7391178607940674
14,9,16,D2_systemic_degradation,55,1,1,1,3,1,2,24.011904761904763,13.042162698412698,0.4978372004751863,4034,1.7318239212036133
14,9,16,D3_feeder_failure,11,1,1,1,3,1,2,26.464285714285715,13.273511904761905,0.46089134782723523,4446,1.7535929679870605
14,9,16,D3_feeder_failure,22,1,1,1,3,1,2,26.285714285714285,12.903968253968253,0.46455303730857017,4416,1.7836148738861084
14,9,16,D3_feeder_failure,33,1,1,1,3,1,2,26.321428571428573,12.692857142857143,0.4658363786555927,4422,1.7774138450622559
14,9,16,D3_feeder_failure,44,1,1,1,3,1,2,26.49404761904762,12.708928571428572,0.45937977985270495,4451,1.8158109188079834
14,9,16,D3_feeder_failure,55,1,1,1,3,1,2,26.464285714285715,12.484325396825398,0.46094697067241946,4446,1.8134961128234863
