scenario,target_machine,seed,throughput,wip,sec
nominal,__baseline__,11,26.851190476190474,14.374206349206348,0.457287638206809
nominal,__baseline__,22,27.291666666666668,14.44593253968254,0.45059463128140514
nominal,__baseline__,33,26.898809523809526,14.246924603174604,0.454412847389952
nominal,__baseline__,44,27.357142857142858,13.833333333333334,0.44680099045846994
nominal,__baseline__,55,27.125,14.531646825396825,0.452934702077362
nominal,Loading robot,11,26.904761904761905,14.361011904761904,0.4556237860874982
nominal,Loading robot,22,27.375,14.368055555555555,0.44855469345942284
nominal,Loading robot,33,26.696428571428573,14.26359126984127,0.4599892427450562
nominal,Loading robot,44,27.101190476190474,14.404761904761905,0.452450036556174
nominal,Loading robot,55,27.11904761904762,14.477579365079364,0.4512096244774539
nominal,Conveyor belt,11,27.104761904761904,,
nominal,Conveyor belt,22,27.104761904761904,,
nominal,Conveyor belt,33,27.104761904761904,,
nominal,Conveyor belt,44,27.104761904761904,,
nominal,Conveyor belt,55,27.104761904761904,,
nominal,Washing machine,11,27.375,14.566964285714286,0.4386588811709584
nominal,Washing machine,22,27.160714285714285,14.313392857142857,0.44150393557186546
nominal,Washing machine,33,27.178571428571427,14.530555555555555,0.44096318871998186
nominal,Washing machine,44,27.327380952380953,14.375396825396825,0.4386220279435165
nominal,Washing machine,55,26.845238095238095,14.35982142857143,0.44613822209393406
nominal,Hantering cell,11,27.035714285714285,14.266964285714286,0.45468463951393906
nominal,Hantering cell,22,27.333333333333332,14.197321428571428,0.44927327815049634
nominal,Hantering cell,33,26.952380952380953,14.304265873015874,0.4571824994043047
nominal,Hantering cell,44,27.303571428571427,14.048511904761904,0.4477896200120624
nominal,Hantering cell,55,27.107142857142858,14.12202380952381,0.45280804216394044
nominal,Presses cell 1,11,29.339285714285715,14.398710317460317,0.42894553192251034
nominal,Presses cell 1,22,29.273809523809526,14.514285714285714,0.4290457188983857
nominal,Presses cell 1,33,29.303571428571427,13.736805555555556,0.4295507584755767
nominal,Presses cell 1,44,29.732142857142858,14.329761904761904,0.42205182707001176
nominal,Presses cell 1,55,29.404761904761905,14.102976190476191,0.4279629286014419
nominal,Presses cell 2,11,29.386904761904763,14.28888888888889,0.4297638526027641
nominal,Presses cell 2,22,29.291666666666668,14.197321428571428,0.42910151024429816
nominal,Presses cell 2,33,29.261904761904763,14.438492063492063,0.42798869658954947
nominal,Presses cell 2,44,29.321428571428573,14.469246031746032,0.4276959251539486
nominal,Presses cell 2,55,29.452380952380953,14.316170634920635,0.4255094743482386
nominal,Quality station cell,11,27.232142857142858,14.089484126984127,0.4497118354543617
nominal,Quality station cell,22,27.178571428571427,14.07797619047619,0.4495952438855242
nominal,Quality station cell,33,26.99404761904762,13.786309523809523,0.45472078639346003
nominal,Quality station cell,44,27.178571428571427,13.968055555555555,0.45042528711765745
nominal,Quality station cell,55,27.0,14.245535714285714,0.454321311449004
D1_press1_aging,__baseline__,11,25.785714285714285,14.343650793650793,0.4692657994844736
D1_press1_aging,__baseline__,22,25.398809523809526,14.149603174603175,0.4750239804149505
D1_press1_aging,__baseline__,33,25.279761904761905,14.409920634920635,0.4772115863350266
D1_press1_aging,__baseline__,44,25.642857142857142,14.236507936507936,0.47340986098774845
D1_press1_aging,__baseline__,55,25.464285714285715,14.156150793650793,0.4734348217601991
D1_press1_aging,Loading robot,11,25.738095238095237,13.981150793650794,0.4693275470436737
D1_press1_aging,Loading robot,22,25.232142857142858,13.821130952380953,0.4776646233297715
D1_press1_aging,Loading robot,33,25.06547619047619,14.330853174603174,0.47986641775850597
D1_press1_aging,Loading robot,44,25.410714285714285,14.29672619047619,0.47448954289923806
D1_press1_aging,Loading robot,55,25.511904761904763,14.424206349206349,0.47537684095940186
D1_press1_aging,Conveyor belt,11,25.514285714285716,,
D1_press1_aging,Conveyor belt,22,25.514285714285716,,
D1_press1_aging,Conveyor belt,33,25.514285714285716,,
D1_press1_aging,Conveyor belt,44,25.514285714285716,,
D1_press1_aging,Conveyor belt,55,25.514285714285716,,
D1_press1_aging,Washing machine,11,25.363095238095237,14.451686507936508,0.46495990864265424
D1_press1_aging,Washing machine,22,25.363095238095237,14.484722222222222,0.4650406106586975
D1_press1_aging,Washing machine,33,25.125,14.176984126984127,0.4687047579790364
D1_press1_aging,Washing machine,44,25.50595238095238,14.40327380952381,0.46326498147167305
D1_press1_aging,Washing machine,55,25.476190476190474,14.306746031746032,0.46263515707042235
D1_press1_aging,Hantering cell,11,25.303571428571427,14.149603174603175,0.4773296986161023
D1_press1_aging,Hantering cell,22,25.636904761904763,14.14345238095238,0.47249403969571274
D1_press1_aging,Hantering cell,33,25.535714285714285,14.13670634920635,0.473920899540578
D1_press1_aging,Hantering cell,44,25.601190476190474,14.296527777777778,0.4703436917241587
D1_press1_aging,Hantering cell,55,25.017857142857142,14.308630952380952,0.4797903905272077
D1_press1_aging,Presses cell 1,11,27.30952380952381,14.178472222222222,0.452564629546
D1_press1_aging,Presses cell 1,22,27.922619047619047,14.462896825396825,0.44273440175954054
D1_press1_aging,Presses cell 1,33,27.654761904761905,14.20297619047619,0.4485446443038076
D1_press1_aging,Presses cell 1,44,28.095238095238095,14.271230158730159,0.44017703196006475
D1_press1_aging,Presses cell 1,55,27.773809523809526,14.303273809523809,0.44784199113734713
D1_press1_aging,Presses cell 2,11,27.291666666666668,13.949305555555556,0.45013113350462525
D1_press1_aging,Presses cell 2,22,27.375,14.196825396825396,0.45009797837646975
D1_press1_aging,Presses cell 2,33,27.595238095238095,14.325396825396826,0.4480956380566745
D1_press1_aging,Presses cell 2,44,27.851190476190474,14.530059523809523,0.4445365777374695
D1_press1_aging,Presses cell 2,55,27.446428571428573,14.065575396825396,0.44941962233117777
D1_press1_aging,Quality station cell,11,25.351190476190474,14.100198412698413,0.4743427142032607
D1_press1_aging,Quality station cell,22,25.357142857142858,14.08640873015873,0.4755397226434082
D1_press1_aging,Quality station cell,33,25.732142857142858,14.231646825396826,0.47019321455765184
D1_press1_aging,Quality station cell,44,25.11904761904762,14.137896825396826,0.47733504071300986
D1_press1_aging,Quality station cell,55,25.101190476190474,13.971527777777778,0.48120444812161584
D2_systemic_degradation,__baseline__,11,25.75,14.400694444444444,0.47175717262869815
D2_systemic_degradation,__baseline__,22,25.24404761904762,13.925496031746032,0.47798127500181486
D2_systemic_degradation,__baseline__,33,25.571428571428573,13.995039682539682,0.47546227636610283
D2_systemic_degradation,__baseline__,44,25.428571428571427,13.534623015873017,0.4775211817545211
D2_systemic_degradation,__baseline__,55,24.99404761904762,14.155257936507937,0.4826492914161986
D2_systemic_degradation,Loading robot,11,25.458333333333332,14.046924603174602,0.47767233867929965
D2_systemic_degradation,Loading robot,22,25.267857142857142,14.370734126984127,0.4782819410989195
D2_systemic_degradation,Loading robot,33,25.160714285714285,13.867757936507937,0.4824477244277295
D2_systemic_degradation,Loading robot,44,25.25,13.861904761904762,0.48047401667396206
D2_systemic_degradation,Loading robot,55,25.404761904761905,14.217956349206348,0.47644698321433054
D2_systemic_degradation,Conveyor belt,11,25.39761904761905,,
D2_systemic_degradation,Conveyor belt,22,25.39761904761905,,
D2_systemic_degradation,Conveyor belt,33,25.39761904761905,,
D2_systemic_degradation,Conveyor belt,44,25.39761904761905,,
D2_systemic_degradation,Conveyor belt,55,25.39761904761905,,
D2_systemic_degradation,Washing machine,11,25.458333333333332,14.220039682539683,0.4655274601542952
D2_systemic_degradation,Washing machine,22,25.738095238095237,14.198313492063493,0.46271439721229457
D2_systemic_degradation,Washing machine,33,25.172619047619047,14.036309523809523,0.46971230487160837
D2_systemic_degradation,Washing machine,44,25.458333333333332,14.022420634920636,0.46623931379281464
D2_systemic_degradation,Washing machine,55,25.773809523809526,14.180456349206349,0.46295660787256715
D2_systemic_degradation,Hantering cell,11,25.160714285714285,14.128968253968255,0.4817198730774342
D2_systemic_degradation,Hantering cell,22,25.071428571428573,13.988095238095237,0.48352290290862027
D2_systemic_degradation,Hantering cell,33,24.886904761904763,13.83125,0.4836977145679787
D2_systemic_degradation,Hantering cell,44,25.517857142857142,14.236607142857142,0.47526961919155186
D2_systemic_degradation,Hantering cell,55,25.18452380952381,13.981944444444444,0.4779109818717774
D2_systemic_degradation,Presses cell 1,11,27.238095238095237,13.925496031746032,0.4540579767683572
D2_systemic_degradation,Presses cell 1,22,27.476190476190474,13.653373015873015,0.4482880229330308
D2_systemic_degradation,Presses cell 1,33,27.351190476190474,14.239583333333334,0.45326215130707614
D2_systemic_degradation,Presses cell 1,44,27.333333333333332,14.399305555555555,0.4537259691492946
D2_systemic_degradation,Presses cell 1,55,27.398809523809526,13.95327380952381,0.45304176274252006
D2_systemic_degradation,Presses cell 2,11,26.976190476190474,13.968650793650793,0.45961029530509084
D2_systemic_degradation,Presses cell 2,22,27.19047619047619,14.10436507936508,0.4538363063796975
D2_systemic_degradation,Presses cell 2,33,27.011904761904763,14.12688492063492,0.4562805798692829
D2_systemic_degradation,Presses cell 2,44,27.18452380952381,13.880853174603175,0.45357516664389225
D2_systemic_degradation,Presses cell 2,55,26.482142857142858,13.011309523809524,0.4611703617788618
D2_systemic_degradation,Quality station cell,11,25.291666666666668,13.724801587301588,0.4798601144652835
D2_systemic_degradation,Quality station cell,22,25.095238095238095,13.599801587301588,0.4813211359978889
D2_systemic_degradation,Quality station cell,33,25.06547619047619,13.903769841269842,0.482912326588569
D2_systemic_degradation,Quality station cell,44,25.160714285714285,13.50327380952381,0.4804016142795082
D2_systemic_degradation,Quality station cell,55,25.0,13.949107142857143,0.48313996181339736
D3_feeder_failure,__baseline__,11,26.785714285714285,13.700892857142858,0.4571270998222539
D3_feeder_failure,__baseline__,22,26.946428571428573,13.681646825396825,0.45571282844678596
D3_feeder_failure,__baseline__,33,26.827380952380953,13.981448412698413,0.45984615229115
D3_feeder_failure,__baseline__,44,26.988095238095237,13.789186507936508,0.4531887525775113
D3_feeder_failure,__baseline__,55,26.50595238095238,13.951686507936508,0.46116508981379833
D3_feeder_failure,Loading robot,11,26.654761904761905,14.044742063492064,0.45874908647468604
D3_feeder_failure,Loading robot,22,26.74404761904762,12.876984126984127,0.4563990889237254
D3_feeder_failure,Loading robot,33,26.976190476190474,13.96547619047619,0.4557361611855885
D3_feeder_failure,Loading robot,44,26.952380952380953,13.970337301587302,0.45481359299762714
D3_feeder_failure,Loading robot,55,26.5,13.681547619047619,0.46028990866535535
D3_feeder_failure,Conveyor belt,11,26.81071428571429,,
D3_feeder_failure,Conveyor belt,22,26.81071428571429,,
D3_feeder_failure,Conveyor belt,33,26.81071428571429,,
D3_feeder_failure,Conveyor belt,44,26.81071428571429,,
D3_feeder_failure,Conveyor belt,55,26.81071428571429,,
D3_feeder_failure,Washing machine,11,26.982142857142858,14.380853174603175,0.44505202600746235
D3_feeder_failure,Washing machine,22,27.113095238095237,14.187202380952382,0.44374456459405076
D3_feeder_failure,Washing machine,33,26.928571428571427,14.445039682539683,0.44546211362536126
D3_feeder_failure,Washing machine,44,27.446428571428573,14.200892857142858,0.4384873544300873
D3_feeder_failure,Washing machine,55,27.375,14.333234126984127,0.4406022969037192
D3_feeder_failure,Hantering cell,11,26.970238095238095,13.954365079365079,0.45433359254772493
D3_feeder_failure,Hantering cell,22,27.029761904761905,14.19375,0.4550679789481653
D3_feeder_failure,Hantering cell,33,27.06547619047619,14.030456349206348,0.4535716447062517
D3_feeder_failure,Hantering cell,44,27.202380952380953,14.328670634920634,0.4517353020908449
D3_feeder_failure,Hantering cell,55,26.702380952380953,13.804960317460317,0.4584181500810803
D3_feeder_failure,Presses cell 1,11,29.25595238095238,13.957638888888889,0.4293899668779741
D3_feeder_failure,Presses cell 1,22,29.18452380952381,13.74236111111111,0.43138586423499997
D3_feeder_failure,Presses cell 1,33,28.708333333333332,14.17142857142857,0.43682883656610355
D3_feeder_failure,Presses cell 1,44,29.482142857142858,14.174900793650794,0.4274824637375063
D3_feeder_failure,Presses cell 1,55,28.803571428571427,13.747619047619047,0.43414857773092946
D3_feeder_failure,Presses cell 2,11,29.035714285714285,14.196130952380953,0.43284786563675665
D3_feeder_failure,Presses cell 2,22,29.11904761904762,14.314484126984127,0.4317924635168922
D3_feeder_failure,Presses cell 2,33,29.041666666666668,14.191666666666666,0.4329826389780211
D3_feeder_failure,Presses cell 2,44,29.202380952380953,14.276587301587302,0.4302459380125097
D3_feeder_failure,Presses cell 2,55,29.11904761904762,14.21468253968254,0.43173026057971076
D3_feeder_failure,Quality station cell,11,26.875,14.062103174603175,0.45491840603449846
D3_feeder_failure,Quality station cell,22,26.726190476190474,13.964484126984127,0.4587296411358647
D3_feeder_failure,Quality station cell,33,26.86904761904762,13.768948412698412,0.45537962370797685
D3_feeder_failure,Quality station cell,44,26.81547619047619,13.412599206349206,0.45681279997730895
D3_feeder_failure,Quality station cell,55,26.857142857142858,13.874603174603175,0.45734944108048387
