scenario,rank,machine,tp_gain,tp_after_improvement,tp_baseline
nominal,1,Presses cell 1,2.305952380952384,29.41071428571429,27.104761904761904
nominal,2,Presses cell 2,2.238095238095241,29.342857142857145,27.104761904761904
nominal,3,Washing machine,0.07261904761904603,27.17738095238095,27.104761904761904
nominal,4,Hantering cell,0.04166666666666785,27.146428571428572,27.104761904761904
nominal,5,Quality station cell,0.011904761904759198,27.116666666666664,27.104761904761904
nominal,6,Conveyor belt,0.0,27.104761904761904,27.104761904761904
nominal,7,Loading robot,-0.06547619047618625,27.039285714285718,27.104761904761904
D1_press1_aging,1,Presses cell 1,2.2369047619047606,27.751190476190477,25.514285714285716
D1_press1_aging,2,Presses cell 2,1.9976190476190503,27.511904761904766,25.514285714285716
D1_press1_aging,3,Conveyor belt,0.0,25.514285714285716,25.514285714285716
D1_press1_aging,4,Hantering cell,-0.0952380952380949,25.41904761904762,25.514285714285716
D1_press1_aging,5,Loading robot,-0.12261904761905384,25.391666666666662,25.514285714285716
D1_press1_aging,6,Washing machine,-0.14761904761904887,25.366666666666667,25.514285714285716
D1_press1_aging,7,Quality station cell,-0.1821428571428605,25.332142857142856,25.514285714285716
D2_systemic_degradation,1,Presses cell 1,1.9619047619047585,27.359523809523807,25.39761904761905
D2_systemic_degradation,2,Presses cell 2,1.571428571428573,26.969047619047622,25.39761904761905
D2_systemic_degradation,3,Washing machine,0.12261904761904674,25.520238095238096,25.39761904761905
D2_systemic_degradation,4,Conveyor belt,0.0,25.39761904761905,25.39761904761905
D2_systemic_degradation,5,Loading robot,-0.08928571428571885,25.30833333333333,25.39761904761905
D2_systemic_degradation,6,Hantering cell,-0.23333333333333428,25.164285714285715,25.39761904761905
D2_systemic_degradation,7,Quality station cell,-0.27500000000000213,25.122619047619047,25.39761904761905
D3_feeder_failure,1,Presses cell 2,2.2928571428571374,29.103571428571428,26.81071428571429
D3_feeder_failure,2,Presses cell 1,2.276190476190468,29.08690476190476,26.81071428571429
D3_feeder_failure,3,Washing machine,0.3583333333333236,27.169047619047614,26.81071428571429
D3_feeder_failure,4,Hantering cell,0.18333333333333002,26.99404761904762,26.81071428571429
D3_feeder_failure,5,Quality station cell,0.017857142857138797,26.82857142857143,26.81071428571429
D3_feeder_failure,6,Conveyor belt,0.0,26.81071428571429,26.81071428571429
D3_feeder_failure,7,Loading robot,-0.04523809523809774,26.765476190476193,26.81071428571429
