generation,individual_index,post_loading_capacity,post_conveyor_capacity,post_washing_capacity,pre_press1_capacity,pre_press2_capacity,post_press12_capacity,wip,throughput
0,11,8,1,4,2,2,7,0.0,0.0
0,21,10,2,8,4,5,1,0.0,0.0
0,33,9,6,1,2,3,9,0.0,0.0
0,35,3,10,10,1,1,3,0.0008854935324246896,0.0
0,36,1,6,10,3,1,7,0.0008854935324246896,0.0
0,37,5,3,6,3,10,1,0.0008854935324246896,0.0
0,38,3,1,2,9,3,9,0.0008941748415661081,0.0
0,39,3,10,2,3,4,5,0.0008941748415661081,0.0
0,40,5,6,5,1,1,1,0.0008941748415661081,0.0
0,41,1,1,6,9,6,4,0.0008941748415661081,0.0
0,42,6,2,1,2,7,3,0.0014150533900512197,0.0
0,43,8,2,4,3,3,1,0.0014150533900512197,0.0
0,44,3,4,6,4,4,5,0.0014237346991926383,0.0
0,45,4,3,2,9,2,9,0.0015973608820210087,0.0
0,46,1,9,1,4,4,6,0.0017883496831322162,0.0
0,47,9,3,1,3,7,2,0.0017883496831322162,0.0
0,48,3,4,1,6,7,1,0.0024654917961628615,0.0
0,49,5,4,2,3,4,5,0.002491535723587117,0.0
1,0,8,1,4,2,2,7,0.0,0.0
1,1,6,2,1,3,4,2,0.0,0.0
1,15,10,2,8,4,5,1,0.0,0.0
1,24,5,4,2,3,1,5,0.0,0.0
1,30,9,6,1,2,3,9,0.0,0.0
1,37,9,4,7,1,3,6,0.0,0.0
1,43,4,6,2,3,1,8,0.0,0.0
1,46,3,4,6,4,4,9,0.0,0.0
2,0,6,1,8,4,7,4,0.0,0.0
2,2,8,1,4,2,2,7,0.0,0.0
2,19,6,2,1,3,4,2,0.0,0.0
2,24,5,4,2,3,1,5,0.0,0.0
2,28,9,6,1,2,3,9,0.0,0.0
2,29,3,4,6,4,4,9,0.0,0.0
2,40,6,2,1,6,1,2,0.0,0.0
2,48,9,4,7,1,3,6,0.0,0.0
3,0,6,1,8,4,7,4,0.0,0.0
3,3,9,4,2,3,1,5,0.0,0.0
3,13,9,4,7,1,3,6,0.0,0.0
3,14,9,4,7,2,3,5,0.0,0.0
3,23,3,4,6,4,4,9,0.0,0.0
3,36,8,1,4,2,2,7,0.0,0.0
4,0,5,1,9,4,7,4,0.0,0.0
4,3,6,1,8,4,7,4,0.0,0.0
4,22,5,1,7,6,9,2,0.0,0.0
4,26,9,4,7,2,3,5,0.0,0.0
4,45,8,1,4,2,2,7,0.0,0.0
4,47,9,4,2,3,1,5,0.0,0.0
5,0,5,1,9,4,7,4,0.0,0.0
5,2,1,5,9,9,2,4,0.0,0.0
5,16,6,1,8,4,7,4,0.0,0.0
5,32,9,4,2,3,1,5,0.0,0.0
5,35,8,1,4,2,2,7,0.0,0.0
6,0,1,5,8,9,2,5,0.0,0.0
6,2,5,1,9,4,7,4,0.0,0.0
6,9,8,1,4,2,2,7,0.0,0.0
6,17,9,4,2,3,1,5,0.0,0.0
6,39,1,5,9,9,2,4,0.0,0.0
7,0,1,1,7,8,2,5,0.0,0.0
7,1,1,5,8,9,2,5,0.0,0.0
7,13,1,5,9,9,2,4,0.0,0.0
7,14,5,3,6,8,3,5,0.0,0.0
7,41,8,1,4,2,2,7,0.0,0.0
8,0,1,1,7,8,2,5,0.0,0.0
8,1,1,1,7,8,2,5,0.0,0.0
8,15,1,5,8,9,2,5,0.0,0.0
8,21,8,1,4,2,2,7,0.0,0.0
8,47,1,5,8,9,2,5,0.0,0.0
9,1,1,5,8,9,2,5,0.0,0.0
9,3,1,1,7,8,2,5,0.0,0.0
9,11,8,1,4,2,2,7,0.0,0.0
9,16,1,5,8,9,2,5,0.0,0.0
9,22,1,1,7,8,2,5,0.0,0.0
9,42,1,1,7,8,2,5,0.0,0.0
10,0,1,5,8,9,2,5,0.0,0.0
10,2,1,1,9,8,6,5,0.0,0.0
10,16,1,1,7,8,2,5,0.0,0.0
10,37,1,1,7,8,2,5,0.0,0.0
10,40,8,1,4,2,2,7,0.0,0.0
10,46,1,1,7,2,2,5,0.0,0.0
11,0,9,3,6,1,2,9,0.0,0.0
11,2,1,5,8,9,2,5,0.0,0.0
11,24,1,1,7,8,2,5,0.0,0.0
11,28,1,1,7,2,7,6,0.0,0.0
11,41,1,1,9,8,6,5,0.0,0.0
11,44,1,1,7,1,2,5,0.0,0.0
12,1,9,3,6,1,2,9,0.0,0.0
12,2,9,3,6,1,2,9,0.0,0.0
12,11,1,5,8,9,2,5,0.0,0.0
12,39,1,1,7,2,7,6,0.0,0.0
12,42,6,7,8,2,2,5,0.0,0.0
13,1,9,3,6,1,2,9,0.0,0.0
13,2,1,5,7,8,2,7,0.0,0.0
13,25,6,7,8,2,2,5,0.0,0.0
13,44,9,3,6,1,2,9,0.0,0.0
14,0,9,3,6,1,2,9,0.0,0.0
14,3,9,3,6,1,2,9,0.0,0.0
14,10,1,5,7,8,2,7,0.0,0.0
14,12,2,6,8,2,7,5,0.0,0.0
15,0,9,3,6,1,2,9,0.0,0.0
15,1,9,3,6,1,2,9,0.0,0.0
15,18,1,5,7,8,2,7,0.0,0.0
15,22,9,3,6,1,2,9,0.0,0.0
15,30,2,6,8,2,7,5,0.0,0.0
15,42,8,3,7,1,6,5,0.0,0.0
16,1,9,3,6,1,2,9,0.0,0.0
16,2,9,3,6,1,2,9,0.0,0.0
16,7,2,6,8,2,7,5,0.0,0.0
16,30,9,3,6,1,2,9,0.0,0.0
16,38,1,1,9,1,6,6,0.0,0.0
17,2,9,3,6,1,2,9,0.0,0.0
17,3,9,2,6,7,1,5,0.0,0.0
17,8,9,5,8,1,2,5,0.0,0.0
17,16,9,3,6,1,2,9,0.0,0.0
17,33,8,2,6,1,9,4,0.0,0.0
17,43,9,3,6,1,2,9,0.0,0.0
18,0,9,3,6,1,2,9,0.0,0.0
18,3,9,3,6,1,2,9,0.0,0.0
18,24,5,5,8,1,2,9,0.0,0.0
18,25,9,2,7,1,2,9,0.0,0.0
18,31,8,2,6,1,9,4,0.0,0.0
18,40,9,5,8,1,2,5,0.0,0.0
18,47,9,2,6,7,1,5,0.0,0.0
19,0,9,3,6,1,2,9,0.0,0.0
19,1,9,2,7,1,2,9,0.0,0.0
19,7,5,5,8,1,2,9,0.0,0.0
19,23,9,1,6,1,2,5,0.0,0.0
19,40,4,2,6,1,2,9,0.0,0.0
20,1,9,3,6,1,2,9,0.0,0.0
20,2,9,2,7,1,2,9,0.0,0.0
21,0,9,3,6,1,2,9,0.0,0.0
21,1,9,3,6,1,2,9,0.0,0.0
21,19,9,2,7,1,2,9,0.0,0.0
22,1,9,3,6,1,2,9,0.0,0.0
22,2,6,2,9,2,2,9,0.0,0.0
22,32,9,2,7,1,2,9,0.0,0.0
23,0,9,3,6,1,2,9,0.0,0.0
23,3,9,3,6,1,2,9,0.0,0.0
23,46,6,2,9,2,2,9,0.0,0.0
24,0,9,3,6,1,2,9,0.0,0.0
24,1,6,2,9,2,2,9,0.0,0.0
24,7,9,3,6,1,2,9,0.0,0.0
24,10,6,2,9,2,2,9,0.0,0.0
25,0,9,3,9,1,3,5,0.0,0.0
25,2,9,3,6,1,2,9,0.0,0.0
25,14,9,3,6,1,2,9,0.0,0.0
26,0,5,3,9,1,3,9,0.0,0.0
26,2,9,3,9,1,3,5,0.0,0.0
27,1,5,3,9,1,3,9,0.0,0.0
27,3,5,3,9,1,3,9,0.0,0.0
27,44,9,3,9,1,3,5,0.0,0.0
28,2,9,3,9,1,3,5,0.0,0.0
28,3,5,3,9,1,3,9,0.0,0.0
28,45,9,3,9,1,3,5,0.0,0.0
29,0,9,3,9,1,3,5,0.0,0.0
29,3,9,3,9,1,3,5,0.0,0.0
29,7,9,3,9,1,3,5,0.0,0.0
29,14,9,3,9,1,3,5,0.0,0.0
29,43,5,3,9,1,3,9,0.0,0.0
30,0,9,3,9,1,3,5,0.0,0.0
30,2,9,3,9,1,3,5,0.0,0.0
30,22,5,3,9,1,3,9,0.0,0.0
30,48,9,3,9,1,3,5,0.0,0.0
31,1,9,3,9,1,3,5,0.0,0.0
31,3,9,3,9,1,3,5,0.0,0.0
31,6,8,1,9,1,3,8,0.0,0.0
31,18,9,3,9,1,3,5,0.0,0.0
32,2,6,3,9,1,2,9,0.0,0.0
32,3,9,3,9,1,3,5,0.0,0.0
32,43,9,3,9,1,3,5,0.0,0.0
33,0,6,3,9,1,2,9,0.0,0.0
33,2,9,2,7,1,2,9,0.0,0.0
33,38,9,3,9,1,3,5,0.0,0.0
34,0,9,2,7,1,2,9,0.0,0.0
34,3,6,3,9,1,2,9,0.0,0.0
34,6,9,2,7,1,2,9,0.0,0.0
34,19,6,2,9,2,2,9,0.0,0.0
34,38,6,3,9,1,2,9,0.0,0.0
34,42,9,3,9,1,3,5,0.0,0.0
35,0,9,2,7,1,2,9,0.0,0.0
35,2,9,2,7,1,2,9,0.0,0.0
35,9,6,3,9,1,2,9,0.0,0.0
35,21,9,2,7,1,2,9,0.0,0.0
35,27,6,3,9,1,2,9,0.0,0.0
35,47,9,3,9,1,3,5,0.0,0.0
36,1,9,2,7,1,2,9,0.0,0.0
36,2,9,2,7,1,2,9,0.0,0.0
36,8,6,3,9,1,2,9,0.0,0.0
36,14,6,3,9,1,2,9,0.0,0.0
36,27,6,3,9,1,2,9,0.0,0.0
36,32,9,2,7,1,2,9,0.0,0.0
36,48,9,2,7,1,2,9,0.0,0.0
37,0,9,2,7,1,2,9,0.0,0.0
37,2,9,2,7,1,2,9,0.0,0.0
37,16,6,3,9,1,2,9,0.0,0.0
37,21,9,2,7,1,2,9,0.0,0.0
37,34,9,2,7,1,2,9,0.0,0.0
37,45,6,2,9,1,3,9,0.0,0.0
37,47,9,2,7,1,2,9,0.0,0.0
37,49,6,3,9,1,2,9,0.0,0.0
38,0,9,2,7,1,2,9,0.0,0.0
38,3,9,2,7,1,2,9,0.0,0.0
38,4,9,2,7,1,2,9,0.0,0.0
38,6,9,2,7,1,2,9,0.0,0.0
38,11,9,2,7,1,2,9,0.0,0.0
38,12,9,2,7,1,2,9,0.0,0.0
38,25,6,3,9,1,2,9,0.0,0.0
38,26,6,3,9,1,2,9,0.0,0.0
38,29,9,2,7,1,2,9,0.0,0.0
38,32,9,2,7,1,2,9,0.0,0.0
38,41,6,2,9,1,3,9,0.0,0.0
38,45,9,2,7,1,2,9,0.0,0.0
39,1,9,2,7,1,2,9,0.0,0.0
39,2,9,2,7,1,2,9,0.0,0.0
39,4,9,2,7,1,2,9,0.0,0.0
39,8,6,2,9,1,3,9,0.0,0.0
39,18,9,2,7,1,2,9,0.0,0.0
39,35,8,2,9,1,2,8,0.0,0.0
39,40,9,2,7,1,2,9,0.0,0.0
39,45,9,2,7,1,2,9,0.0,0.0
39,48,6,3,9,1,2,9,0.0,0.0
40,1,9,2,7,1,2,9,0.0,0.0
40,2,9,2,7,1,2,9,0.0,0.0
40,11,6,3,9,1,2,9,0.0,0.0
40,18,6,2,9,1,3,9,0.0,0.0
40,24,9,2,7,1,2,9,0.0,0.0
40,27,9,2,7,1,2,9,0.0,0.0
40,36,9,2,7,1,2,9,0.0,0.0
40,37,9,2,7,1,2,9,0.0,0.0
41,0,6,2,9,1,3,9,0.0,0.0
41,2,9,2,7,1,2,9,0.0,0.0
41,10,9,2,7,1,2,9,0.0,0.0
41,11,6,2,9,1,3,9,0.0,0.0
41,18,9,2,7,1,2,9,0.0,0.0
41,38,9,2,7,1,2,9,0.0,0.0
42,2,6,2,9,1,3,9,0.0,0.0
42,3,8,1,8,1,3,9,0.0,0.0
42,24,9,2,7,1,2,9,0.0,0.0
42,32,9,2,7,1,2,9,0.0,0.0
42,41,9,2,7,1,2,9,0.0,0.0
42,46,6,2,9,1,3,9,0.0,0.0
42,49,9,2,7,1,2,9,0.0,0.0
43,1,9,2,9,1,2,7,0.0,0.0
43,3,6,2,9,1,3,9,0.0,0.0
43,15,9,2,7,1,2,9,0.0,0.0
43,26,6,2,9,1,3,9,0.0,0.0
43,27,9,2,7,1,2,9,0.0,0.0
43,32,9,2,7,1,2,9,0.0,0.0
43,34,9,2,7,1,2,9,0.0,0.0
43,36,8,1,8,1,3,9,0.0,0.0
43,43,9,2,7,1,2,9,0.0,0.0
44,0,9,2,9,1,2,7,0.0,0.0
44,2,9,1,8,1,2,9,0.0,0.0
44,7,6,2,9,1,3,9,0.0,0.0
44,8,9,2,7,1,2,9,0.0,0.0
44,23,9,2,7,1,2,9,0.0,0.0
44,35,8,1,8,1,3,9,0.0,0.0
44,49,9,2,7,1,2,9,0.0,0.0
45,0,8,1,8,1,3,9,0.0,0.0
45,3,9,2,9,1,2,7,0.0,0.0
45,5,6,2,9,1,3,9,0.0,0.0
45,6,8,1,8,2,2,9,0.0,0.0
45,13,9,2,9,1,2,7,0.0,0.0
45,26,8,1,8,1,3,9,0.0,0.0
45,27,9,2,7,1,2,9,0.0,0.0
45,31,9,2,7,1,2,9,0.0,0.0
45,37,6,2,9,1,3,9,0.0,0.0
46,0,8,1,9,2,2,8,0.0,0.0
46,1,8,1,8,1,3,9,0.0,0.0
46,7,9,2,9,1,2,7,0.0,0.0
46,27,8,1,8,1,3,9,0.0,0.0
46,28,8,2,7,1,3,9,0.0,0.0
46,32,8,1,8,2,2,9,0.0,0.0
46,40,9,2,9,1,2,7,0.0,0.0
46,45,9,2,7,1,2,9,0.0,0.0
47,2,8,1,9,2,2,8,0.0,0.0
47,3,8,1,9,2,2,8,0.0,0.0
47,8,8,1,8,1,3,9,0.0,0.0
47,23,8,1,8,2,2,9,0.0,0.0
47,29,9,2,9,1,2,7,0.0,0.0
47,32,8,1,8,1,3,9,0.0,0.0
48,2,8,1,9,2,2,8,0.0,0.0
48,3,9,2,9,1,2,7,0.0,0.0
48,13,9,2,9,1,2,7,0.0,0.0
48,34,8,1,8,1,3,9,0.0,0.0
48,39,8,1,8,1,3,9,0.0,0.0
49,1,8,1,9,2,2,8,0.0,0.0
49,2,9,2,9,1,2,7,0.0,0.0
