Buffer1_Capacity,Buffer2_Capacity,Buffer3_Capacity,Buffer4_Capacity,Buffer5_Capacity,Buffer6_Capacity,max_TH,min_WIP,facts_seed
1,2,2,4,4,5,27.5071428571429,19.4892982931061,0
2,1,4,2,1,9,27.4392857142857,16.3032749247863,0
2,1,4,2,1,7,27.4392857142857,16.3032749247863,0
1,2,2,4,4,7,27.5071428571429,19.4892982931061,0
2,1,4,3,1,9,27.475,17.3020233439166,0
2,1,4,3,1,6,27.475,17.3020233439166,0
1,1,1,2,1,7,26.8202380952381,12.3353129896935,0
1,2,4,2,1,6,27.4392857142857,16.3032749247863,0
1,1,1,2,1,6,26.8202380952381,12.3353129896935,0
1,1,1,2,1,5,26.9297619047619,12.3373449695141,0
1,2,2,4,4,9,27.5071428571429,19.4892982931061,0
2,1,4,3,1,10,27.475,17.3020233439166,0
2,1,4,3,1,8,27.475,17.3020233439166,0
1,2,4,2,1,7,27.4392857142857,16.3032749247863,0
1,1,1,2,1,9,26.8202380952381,12.3353129896935,0
2,1,4,3,1,7,27.475,17.3020233439166,0
1,2,4,3,1,7,27.475,17.3020233439166,0
1,1,1,1,1,4,26.7595238095238,11.3746356922491,0
1,1,1,2,1,8,26.8202380952381,12.3353129896935,0
1,1,1,2,2,5,27.1130952380952,13.4260354856557,0
1,2,4,3,1,5,27.475,17.3020233439166,0
1,2,4,2,1,10,27.4392857142857,16.3032749247863,0
1,1,2,1,2,10,27.1214285714286,13.4397330686006,0
1,1,3,1,1,4,27.2119047619047,13.4465016627455,0
1,2,4,2,1,8,27.4392857142857,16.3032749247863,0
1,2,4,3,1,10,27.475,17.3020233439166,0
1,1,4,1,1,4,27.3833333333333,14.4391248762019,0
1,1,2,1,1,4,26.9845238095238,12.4357073477328,0
1,1,1,2,1,10,26.8202380952381,12.3353129896935,0
1,1,3,1,1,10,27.2119047619047,13.4465016627455,0
1,1,3,1,1,6,27.2119047619047,13.4465016627455,0
1,1,1,2,2,3,27.0880952380952,13.2790057368317,0
1,2,2,4,4,6,27.5071428571429,19.4892982931061,0
1,2,2,4,4,8,27.5071428571429,19.4892982931061,0
1,1,3,1,1,9,27.2119047619047,13.4465016627455,0
1,1,2,1,2,8,27.1214285714286,13.4397330686006,0
1,2,4,2,1,5,27.4392857142857,16.3032749247863,0
1,1,3,4,2,10,27.4821428571428,17.3734111850664,0
1,1,3,1,1,7,27.2119047619047,13.4465016627455,0
1,1,2,1,2,9,27.1214285714286,13.4397330686006,0
1,2,4,2,1,9,27.4392857142857,16.3032749247863,0
1,1,3,4,2,7,27.4821428571428,17.3734111850664,0
1,1,1,3,2,5,27.2952380952381,14.3207471333984,0
1,1,3,4,2,8,27.4821428571428,17.3734111850664,0
1,1,1,3,2,6,27.2952380952381,14.3207471333984,0
1,1,1,3,2,7,27.2952380952381,14.3207471333984,0
1,2,4,3,1,8,27.475,17.3020233439166,0
2,1,2,4,4,5,27.5071428571429,19.4892982931061,0
1,1,1,3,2,8,27.2952380952381,14.3207471333984,0
1,1,2,1,2,7,27.1214285714286,13.4397330686006,0
1,1,3,4,2,6,27.4821428571428,17.3734111850664,0
1,1,3,1,1,5,27.2119047619047,13.4465016627455,0
1,1,3,1,1,8,27.2119047619047,13.4465016627455,0
1,1,1,3,2,9,27.2952380952381,14.3207471333984,0
1,1,3,4,2,9,27.4821428571428,17.3734111850664,0
1,2,2,4,4,10,27.5071428571429,19.4892982931061,0
1,2,4,3,1,9,27.475,17.3020233439166,0
7,1,8,5,8,9,27.5880952380953,35.4019527427752,1
1,1,2,3,7,9,27.5392857142857,20.3914664137447,1
7,1,8,7,6,9,27.5880952380953,35.4019527427752,1
1,1,3,3,1,9,27.3726190476191,15.3573960985271,1
7,1,8,8,5,9,27.5880952380953,35.4019527427752,1
7,1,8,5,8,8,27.5880952380953,35.4019527427752,1
7,1,8,6,7,9,27.5880952380953,35.4019527427752,1
7,1,8,5,8,7,27.5880952380953,35.4019527427752,1
1,1,3,3,1,6,27.3726190476191,15.3573960985271,1
7,1,8,5,8,6,27.5880952380953,35.4019527427752,1
1,1,3,1,3,9,27.3023809523809,15.3057711067066,1
1,1,3,1,1,9,27.2119047619047,13.4465016627455,1
1,1,1,2,1,8,26.8202380952381,12.3353129896935,1
7,1,8,5,8,5,27.5880952380953,35.4019527427752,1
1,1,2,3,3,10,27.3904761904762,16.4810934821267,1
1,1,3,1,3,10,27.3023809523809,15.3057711067066,1
1,1,3,1,3,8,27.3023809523809,15.3057711067066,1
1,1,3,3,1,7,27.3726190476191,15.3573960985271,1
1,1,1,2,1,6,26.8202380952381,12.3353129896935,1
1,1,3,1,2,9,27.2464285714286,14.4205659733475,1
1,1,3,3,1,10,27.3726190476191,15.3573960985271,1
1,1,2,3,7,6,27.5392857142857,20.3914664137447,1
1,1,7,1,1,9,27.4904761904762,17.4489253585555,1
1,1,1,2,1,10,26.8202380952381,12.3353129896935,1
1,1,2,3,7,7,27.5392857142857,20.3914664137447,1
1,1,2,3,3,9,27.3904761904762,16.4810934821267,1
1,1,3,1,1,5,27.2119047619047,13.4465016627455,1
1,1,1,1,1,4,26.7595238095238,11.3746356922491,1
1,1,3,1,1,6,27.2119047619047,13.4465016627455,1
1,1,7,1,1,10,27.4904761904762,17.4489253585555,1
1,1,3,1,3,6,27.3023809523809,15.3057711067066,1
1,1,3,4,2,9,27.4821428571428,17.3734111850664,1
1,1,1,2,1,9,26.8202380952381,12.3353129896935,1
1,1,2,3,7,10,27.5392857142857,20.3914664137447,1
1,1,3,1,1,10,27.2119047619047,13.4465016627455,1
1,1,3,1,2,6,27.2464285714286,14.4205659733475,1
1,1,2,1,1,4,26.9845238095238,12.4357073477328,1
1,1,3,4,2,10,27.4821428571428,17.3734111850664,1
1,1,7,1,1,6,27.4904761904762,17.4489253585555,1
1,1,3,1,2,7,27.2464285714286,14.4205659733475,1
1,1,2,2,1,2,27.0678571428571,13.188081481136,1
1,1,2,1,2,6,27.1214285714286,13.4397330686006,1
1,1,3,4,2,6,27.4821428571428,17.3734111850664,1
1,1,3,1,3,7,27.3023809523809,15.3057711067066,1
1,1,7,1,1,5,27.4904761904762,17.4489253585555,1
1,1,3,1,1,8,27.2119047619047,13.4465016627455,1
1,1,7,1,1,8,27.4904761904762,17.4489253585555,1
1,1,3,1,2,10,27.2464285714286,14.4205659733475,1
1,1,3,3,1,8,27.3726190476191,15.3573960985271,1
1,1,2,1,2,8,27.1214285714286,13.4397330686006,1
1,1,1,2,1,5,26.9297619047619,12.3373449695141,1
1,1,3,1,1,4,27.2119047619047,13.4465016627455,1
1,1,7,1,1,7,27.4904761904762,17.4489253585555,1
1,1,2,3,7,8,27.5392857142857,20.3914664137447,1
1,1,3,1,2,8,27.2464285714286,14.4205659733475,1
1,1,1,2,2,5,27.1130952380952,13.4260354856557,1
1,1,2,2,2,8,27.2738095238095,14.4855156077895,1
1,1,3,1,2,5,27.2464285714286,14.4205659733475,1
1,1,1,2,2,2,27.0821428571429,13.4112730464437,1
1,1,3,4,2,8,27.4821428571428,17.3734111850664,1
1,1,7,1,1,10,27.4904761904762,17.4489253585555,2
1,1,1,2,1,8,26.8202380952381,12.3353129896935,2
1,1,3,1,1,8,27.2119047619047,13.4465016627455,2
1,1,1,2,1,10,26.8202380952381,12.3353129896935,2
1,1,7,1,1,9,27.4904761904762,17.4489253585555,2
1,1,3,1,1,7,27.2119047619047,13.4465016627455,2
1,1,1,2,1,9,26.8202380952381,12.3353129896935,2
1,1,1,2,1,6,26.8202380952381,12.3353129896935,2
1,1,1,2,1,7,26.8202380952381,12.3353129896935,2
1,1,2,1,1,7,26.8976190476191,12.4107013513997,2
1,1,3,1,1,6,27.2119047619047,13.4465016627455,2
1,2,4,2,1,6,27.4392857142857,16.3032749247863,2
1,1,3,1,1,9,27.2119047619047,13.4465016627455,2
1,2,4,2,1,7,27.4392857142857,16.3032749247863,2
1,1,1,2,2,3,27.0880952380952,13.2790057368317,2
1,1,1,1,1,4,26.7595238095238,11.3746356922491,2
1,1,2,1,1,9,26.8976190476191,12.4107013513997,2
1,2,4,2,1,5,27.4392857142857,16.3032749247863,2
1,1,7,1,1,7,27.4904761904762,17.4489253585555,2
1,1,2,1,1,4,26.9845238095238,12.4357073477328,2
1,1,2,1,1,8,26.8976190476191,12.4107013513997,2
1,2,4,3,1,5,27.475,17.3020233439166,2
1,1,1,1,2,3,26.8678571428572,12.3922184460661,2
1,1,2,1,1,5,26.8976190476191,12.4107013513997,2
1,1,3,1,1,4,27.2119047619047,13.4465016627455,2
1,1,3,1,2,4,27.2547619047619,14.3467823483451,2
1,1,3,1,1,10,27.2119047619047,13.4465016627455,2
1,1,7,1,1,8,27.4904761904762,17.4489253585555,2
1,2,4,3,1,6,27.475,17.3020233439166,2
1,1,3,4,2,7,27.4821428571428,17.3734111850664,2
1,1,2,1,2,8,27.1214285714286,13.4397330686006,2
1,1,4,1,1,4,27.3833333333333,14.4391248762019,2
1,1,3,1,1,5,27.2119047619047,13.4465016627455,2
1,1,3,4,2,8,27.4821428571428,17.3734111850664,2
7,8,3,5,3,9,27.5714285714286,32.4590763773898,3
7,8,3,5,3,10,27.5714285714286,32.4590763773898,3
1,1,4,2,3,10,27.4059523809524,17.3433551445509,3
1,1,4,2,3,8,27.4059523809524,17.3433551445509,3
7,8,3,5,3,6,27.5714285714286,32.4590763773898,3
1,1,4,2,3,6,27.4059523809524,17.3433551445509,3
1,1,4,2,3,9,27.4059523809524,17.3433551445509,3
1,1,1,2,1,9,26.8202380952381,12.3353129896935,3
7,8,3,5,3,7,27.5714285714286,32.4590763773898,3
1,1,2,4,3,5,27.4440476190476,17.3548195821428,3
1,1,1,2,1,10,26.8202380952381,12.3353129896935,3
1,1,1,3,2,9,27.2952380952381,14.3207471333984,3
1,1,1,2,1,8,26.8202380952381,12.3353129896935,3
1,1,8,2,3,10,27.5,21.4271497010065,3
1,1,8,2,3,9,27.5,21.4271497010065,3
1,1,2,1,2,10,27.1214285714286,13.4397330686006,3
1,1,1,2,2,3,27.0880952380952,13.2790057368317,3
1,1,3,1,1,9,27.2119047619047,13.4465016627455,3
1,1,1,3,2,6,27.2952380952381,14.3207471333984,3
1,1,4,1,1,4,27.3833333333333,14.4391248762019,3
7,8,3,5,3,5,27.5714285714286,32.4590763773898,3
1,1,8,2,3,8,27.5,21.4271497010065,3
1,1,1,1,1,4,26.7595238095238,11.3746356922491,3
1,1,3,1,1,10,27.2119047619047,13.4465016627455,3
1,1,8,2,3,6,27.5,21.4271497010065,3
1,1,8,2,3,5,27.5,21.4271497010065,3
1,1,7,1,1,9,27.4904761904762,17.4489253585555,3
1,1,1,2,1,2,26.8988095238095,12.3660506402138,3
1,1,8,2,3,7,27.5,21.4271497010065,3
1,1,7,1,1,7,27.4904761904762,17.4489253585555,3
1,1,2,1,1,4,26.9845238095238,12.4357073477328,3
1,1,2,1,2,6,27.1214285714286,13.4397330686006,3
1,1,2,1,2,9,27.1214285714286,13.4397330686006,3
1,1,3,1,1,4,27.2119047619047,13.4465016627455,3
1,1,7,1,1,6,27.4904761904762,17.4489253585555,3
1,1,2,1,2,7,27.1214285714286,13.4397330686006,3
1,1,4,2,3,7,27.4059523809524,17.3433551445509,3
1,1,1,2,1,7,26.8202380952381,12.3353129896935,3
1,1,1,2,2,5,27.1130952380952,13.4260354856557,3
1,1,3,1,1,7,27.2119047619047,13.4465016627455,3
1,1,3,1,1,5,27.2119047619047,13.4465016627455,3
1,1,1,3,2,7,27.2952380952381,14.3207471333984,3
1,1,3,1,1,6,27.2119047619047,13.4465016627455,3
1,1,1,1,1,4,26.7595238095238,11.3746356922491,4
2,1,4,3,1,10,27.475,17.3020233439166,4
1,1,1,2,1,6,26.8202380952381,12.3353129896935,4
2,1,4,3,1,5,27.475,17.3020233439166,4
2,1,4,2,1,7,27.4392857142857,16.3032749247863,4
1,2,4,3,1,10,27.475,17.3020233439166,4
2,1,4,3,1,8,27.475,17.3020233439166,4
1,2,4,3,1,8,27.475,17.3020233439166,4
1,1,3,1,1,4,27.2119047619047,13.4465016627455,4
1,1,1,2,1,7,26.8202380952381,12.3353129896935,4
1,1,1,2,1,8,26.8202380952381,12.3353129896935,4
1,1,1,2,1,5,26.9297619047619,12.3373449695141,4
2,1,4,2,1,10,27.4392857142857,16.3032749247863,4
1,1,4,1,1,4,27.3833333333333,14.4391248762019,4
1,1,2,1,1,4,26.9845238095238,12.4357073477328,4
1,1,1,2,1,10,26.8202380952381,12.3353129896935,4
1,2,4,3,1,6,27.475,17.3020233439166,4
1,2,4,3,1,7,27.475,17.3020233439166,4
2,1,4,2,1,5,27.4392857142857,16.3032749247863,4
6,1,5,4,4,4,27.5238095238095,26.5505755964742,4
1,1,1,2,2,5,27.1130952380952,13.4260354856557,4
1,1,3,1,1,6,27.2119047619047,13.4465016627455,4
1,1,3,1,1,5,27.2119047619047,13.4465016627455,4
1,1,1,2,1,9,26.8202380952381,12.3353129896935,4
2,1,4,2,1,9,27.4392857142857,16.3032749247863,4
1,1,3,1,1,8,27.2119047619047,13.4465016627455,4
1,1,1,3,2,5,27.2952380952381,14.3207471333984,4
2,1,4,2,1,8,27.4392857142857,16.3032749247863,4
1,1,1,2,2,2,27.0821428571429,13.4112730464437,4
2,1,4,2,1,6,27.4392857142857,16.3032749247863,4
1,1,1,3,2,6,27.2952380952381,14.3207471333984,4
1,2,4,2,1,7,27.4392857142857,16.3032749247863,4
1,1,3,1,1,7,27.2119047619047,13.4465016627455,4
2,1,2,4,4,6,27.5071428571429,19.4892982931061,4
1,2,4,3,1,9,27.475,17.3020233439166,4
8,2,7,2,5,5,27.5154761904762,30.4741414317093,5
8,2,7,2,5,6,27.5154761904762,30.4741414317093,5
8,2,7,2,5,7,27.5154761904762,30.4741414317093,5
9,1,7,2,5,7,27.5154761904762,30.4741414317093,5
8,2,7,2,5,10,27.5154761904762,30.4741414317093,5
6,4,7,2,5,7,27.5154761904762,30.4741414317093,5
1,1,2,1,1,4,26.9845238095238,12.4357073477328,5
1,1,1,2,2,3,27.0880952380952,13.2790057368317,5
1,1,1,1,1,4,26.7595238095238,11.3746356922491,5
1,1,3,1,1,5,27.2119047619047,13.4465016627455,5
1,1,3,1,1,9,27.2119047619047,13.4465016627455,5
1,1,3,1,1,6,27.2119047619047,13.4465016627455,5
1,1,2,4,2,3,27.4166666666667,16.3814245973591,5
1,1,3,1,1,8,27.2119047619047,13.4465016627455,5
1,1,3,1,1,4,27.2119047619047,13.4465016627455,5
1,1,1,2,1,7,26.8202380952381,12.3353129896935,5
1,1,7,1,1,6,27.4904761904762,17.4489253585555,5
1,1,4,1,1,4,27.3833333333333,14.4391248762019,5
1,1,7,1,1,7,27.4904761904762,17.4489253585555,5
1,1,1,2,1,5,26.9297619047619,12.3373449695141,5
1,1,1,3,2,7,27.2952380952381,14.3207471333984,5
1,1,3,1,1,7,27.2119047619047,13.4465016627455,5
8,2,7,2,5,9,27.5154761904762,30.4741414317093,5
1,1,1,2,1,8,26.8202380952381,12.3353129896935,5
1,1,7,1,1,9,27.4904761904762,17.4489253585555,5
1,1,1,2,1,6,26.8202380952381,12.3353129896935,5
1,1,1,3,2,8,27.2952380952381,14.3207471333984,5
1,1,3,1,1,10,27.2119047619047,13.4465016627455,5
1,1,2,1,2,8,27.1214285714286,13.4397330686006,6
1,1,2,1,2,9,27.1214285714286,13.4397330686006,6
1,1,1,2,2,9,27.0523809523809,13.4236435635083,6
1,1,1,2,2,8,27.0523809523809,13.4236435635083,6
1,1,1,2,1,9,26.8202380952381,12.3353129896935,6
1,1,1,3,2,9,27.2952380952381,14.3207471333984,6
1,1,1,2,1,10,26.8202380952381,12.3353129896935,6
1,1,1,2,2,10,27.0523809523809,13.4236435635083,6
1,1,1,2,2,6,27.0523809523809,13.4236435635083,6
1,1,1,3,2,10,27.2952380952381,14.3207471333984,6
1,1,1,2,1,7,26.8202380952381,12.3353129896935,6
1,1,2,1,2,10,27.1214285714286,13.4397330686006,6
1,1,2,1,2,7,27.1214285714286,13.4397330686006,6
1,1,1,3,2,8,27.2952380952381,14.3207471333984,6
1,1,1,1,1,4,26.7595238095238,11.3746356922491,6
1,1,1,2,2,7,27.0523809523809,13.4236435635083,6
1,1,1,2,1,6,26.8202380952381,12.3353129896935,6
1,1,3,1,1,10,27.2119047619047,13.4465016627455,6
1,1,3,1,1,7,27.2119047619047,13.4465016627455,6
1,1,2,1,1,4,26.9845238095238,12.4357073477328,6
1,1,3,1,1,4,27.2119047619047,13.4465016627455,6
1,1,3,1,1,8,27.2119047619047,13.4465016627455,6
1,1,8,2,3,9,27.5,21.4271497010065,6
1,1,1,2,1,5,26.9297619047619,12.3373449695141,6
1,1,2,1,2,6,27.1214285714286,13.4397330686006,6
3,1,3,2,5,5,27.4654761904762,20.4246515211104,6
1,1,3,1,1,6,27.2119047619047,13.4465016627455,6
2,1,2,5,2,9,27.4357142857143,18.4770655923198,6
1,1,4,1,1,4,27.3833333333333,14.4391248762019,6
1,1,4,2,3,9,27.4059523809524,17.3433551445509,6
1,1,1,3,2,6,27.2952380952381,14.3207471333984,6
2,1,2,5,2,6,27.4357142857143,18.4770655923198,6
1,1,3,1,1,5,27.2119047619047,13.4465016627455,6
3,1,3,2,5,6,27.4738095238095,20.4285906501017,6
1,1,4,2,3,10,27.4059523809524,17.3433551445509,6
2,1,2,5,2,8,27.4357142857143,18.4770655923198,6
2,2,3,2,5,6,27.4738095238095,20.4285906501017,6
2,2,5,2,5,6,27.5261904761905,22.5183912282846,6
1,1,1,2,1,8,26.8202380952381,12.3353129896935,6
1,1,1,2,2,5,27.1130952380952,13.4260354856557,6
2,2,5,2,5,8,27.5261904761905,22.5183912282846,6
2,1,2,5,2,10,27.4357142857143,18.4770655923198,6
1,1,4,2,3,8,27.4059523809524,17.3433551445509,6
1,1,7,1,1,5,27.4904761904762,17.4489253585555,7
1,1,3,1,1,9,27.2119047619047,13.4465016627455,7
1,1,7,1,1,7,27.4904761904762,17.4489253585555,7
1,1,3,1,1,4,27.2119047619047,13.4465016627455,7
1,1,7,1,1,9,27.4904761904762,17.4489253585555,7
1,1,2,1,2,6,27.1214285714286,13.4397330686006,7
1,1,7,1,1,10,27.4904761904762,17.4489253585555,7
1,1,7,1,1,6,27.4904761904762,17.4489253585555,7
1,1,3,1,1,7,27.2119047619047,13.4465016627455,7
1,1,3,1,1,8,27.2119047619047,13.4465016627455,7
1,1,3,1,1,10,27.2119047619047,13.4465016627455,7
1,1,7,1,1,8,27.4904761904762,17.4489253585555,7
1,1,2,1,1,4,26.9845238095238,12.4357073477328,7
1,1,2,1,2,9,27.1214285714286,13.4397330686006,7
1,1,2,1,2,7,27.1214285714286,13.4397330686006,7
1,1,3,1,2,4,27.2547619047619,14.3467823483451,7
1,1,4,1,1,4,27.3833333333333,14.4391248762019,7
1,1,3,1,1,6,27.2119047619047,13.4465016627455,7
1,1,1,2,1,9,26.8202380952381,12.3353129896935,7
1,1,1,2,1,10,26.8202380952381,12.3353129896935,7
1,2,4,3,1,7,27.475,17.3020233439166,7
1,2,4,3,1,8,27.475,17.3020233439166,7
1,1,1,2,1,7,26.8202380952381,12.3353129896935,7
1,1,1,1,1,4,26.7595238095238,11.3746356922491,7
1,1,1,2,1,5,26.9297619047619,12.3373449695141,7
1,1,1,2,2,5,27.1130952380952,13.4260354856557,7
1,1,1,2,1,8,26.8202380952381,12.3353129896935,7
1,2,4,2,1,7,27.4392857142857,16.3032749247863,7
1,1,1,2,2,3,27.0880952380952,13.2790057368317,7
2,1,4,2,1,6,27.4392857142857,16.3032749247863,8
2,1,4,2,1,9,27.4392857142857,16.3032749247863,8
10,5,6,2,4,6,27.5261904761905,33.345250009881,8
9,6,6,2,4,9,27.5261904761905,33.345250009881,8
2,1,4,2,1,5,27.4392857142857,16.3032749247863,8
9,6,6,2,4,6,27.5261904761905,33.345250009881,8
2,1,4,3,1,9,27.475,17.3020233439166,8
2,1,4,2,1,10,27.4392857142857,16.3032749247863,8
2,1,4,3,1,5,27.475,17.3020233439166,8
1,1,1,2,1,6,26.8202380952381,12.3353129896935,8
2,1,4,2,1,8,27.4392857142857,16.3032749247863,8
1,1,1,2,1,9,26.8202380952381,12.3353129896935,8
10,5,6,2,2,6,27.4940476190476,31.370231860718,8
1,1,3,1,1,10,27.2119047619047,13.4465016627455,8
10,5,6,2,2,9,27.4940476190476,31.370231860718,8
1,1,1,2,1,10,26.8202380952381,12.3353129896935,8
1,1,1,2,1,5,26.9297619047619,12.3373449695141,8
1,1,3,1,1,5,27.2119047619047,13.4465016627455,8
10,5,6,2,2,5,27.4940476190476,31.370231860718,8
1,1,3,1,1,4,27.2119047619047,13.4465016627455,8
10,5,6,2,4,8,27.5261904761905,33.345250009881,8
1,1,3,1,1,7,27.2119047619047,13.4465016627455,8
1,1,3,1,1,9,27.2119047619047,13.4465016627455,8
1,1,1,2,2,5,27.1130952380952,13.4260354856557,8
1,1,3,1,1,8,27.2119047619047,13.4465016627455,8
1,1,2,2,1,2,27.0678571428571,13.188081481136,8
10,5,6,2,4,7,27.5261904761905,33.345250009881,8
10,5,6,2,4,9,27.5261904761905,33.345250009881,8
10,5,6,2,4,5,27.5261904761905,33.345250009881,8
1,1,7,1,1,10,27.4904761904762,17.4489253585555,8
2,1,4,3,1,10,27.475,17.3020233439166,8
1,1,7,1,1,9,27.4904761904762,17.4489253585555,8
1,1,7,1,1,8,27.4904761904762,17.4489253585555,8
1,1,1,2,1,7,26.8202380952381,12.3353129896935,8
1,1,1,2,1,8,26.8202380952381,12.3353129896935,8
1,1,1,2,2,3,27.0880952380952,13.2790057368317,8
1,1,1,1,1,4,26.7595238095238,11.3746356922491,8
2,1,4,2,1,7,27.4392857142857,16.3032749247863,8
1,1,4,1,1,4,27.3833333333333,14.4391248762019,8
1,1,3,1,2,6,27.2464285714286,14.4205659733475,8
1,1,3,1,2,9,27.2464285714286,14.4205659733475,8
2,1,4,2,1,7,27.4392857142857,16.3032749247863,9
1,1,2,2,1,2,27.0678571428571,13.188081481136,9
2,1,4,2,1,5,27.4392857142857,16.3032749247863,9
1,1,1,2,1,7,26.8202380952381,12.3353129896935,9
1,1,1,2,1,9,26.8202380952381,12.3353129896935,9
1,1,1,2,1,10,26.8202380952381,12.3353129896935,9
1,1,1,2,1,5,26.9297619047619,12.3373449695141,9
1,1,3,1,1,4,27.2119047619047,13.4465016627455,9
1,1,1,1,1,4,26.7595238095238,11.3746356922491,9
1,1,1,2,1,6,26.8202380952381,12.3353129896935,9
1,1,2,1,1,4,26.9845238095238,12.4357073477328,9
1,1,1,2,1,8,26.8202380952381,12.3353129896935,9
1,1,3,1,1,6,27.2119047619047,13.4465016627455,9
1,1,4,1,1,4,27.3833333333333,14.4391248762019,9
2,1,4,3,1,7,27.475,17.3020233439166,9
1,1,3,1,2,4,27.2547619047619,14.3467823483451,9
2,1,4,2,1,8,27.4392857142857,16.3032749247863,9
2,1,4,2,1,6,27.4392857142857,16.3032749247863,9
2,1,4,2,1,10,27.4392857142857,16.3032749247863,9
1,1,3,1,1,10,27.2119047619047,13.4465016627455,9
1,1,3,1,1,5,27.2119047619047,13.4465016627455,9
2,1,4,3,1,5,27.475,17.3020233439166,9
2,1,4,3,1,9,27.475,17.3020233439166,9
1,1,3,1,1,8,27.2119047619047,13.4465016627455,9
1,1,3,1,1,7,27.2119047619047,13.4465016627455,9
1,1,1,2,2,5,27.1130952380952,13.4260354856557,9
2,1,4,2,1,9,27.4392857142857,16.3032749247863,9
2,1,4,3,1,8,27.475,17.3020233439166,9
