config_id,Buffer1_Capacity,Buffer2_Capacity,Buffer3_Capacity,Buffer4_Capacity,Buffer5_Capacity,Buffer6_Capacity,facts_seeds_present,n_seeds,FACTS_TH_mean,FACTS_WIP_mean,FACTS_TH_min,FACTS_TH_max,FACTS_WIP_min,FACTS_WIP_max,Framework_TH_mean,Framework_WIP_mean,Framework_TH_std,Framework_WIP_std,joint_pareto_FACTS_kpi_mean,joint_pareto_FACTS_kpi_bestcase,joint_pareto_Framework_kpi
F05,1,1,1,1,1,4,"0,1,2,3,4,5,6,7,8,9",10,26.759523809523795,11.3746356922491,26.7595238095238,26.7595238095238,11.3746356922491,11.3746356922491,26.14404761904762,11.293849206349204,0.2141004490130129,0.1210822331597369,True,True,True
R018,1,1,1,1,1,4,"0,1,2,3,4,5,6,7,8,9",10,26.759523809523795,11.3746356922491,26.7595238095238,26.7595238095238,11.3746356922491,11.3746356922491,26.14404761904762,11.293849206349204,0.2141004490130129,0.1210822331597369,True,True,True
R009,1,1,1,2,1,6,"0,1,2,4,5,6,8,9",8,26.8202380952381,12.3353129896935,26.8202380952381,26.8202380952381,12.3353129896935,12.3353129896935,26.58630952380953,12.189156746031744,0.1324655540730231,0.1429327060546222,False,True,False
R007,1,1,1,2,1,7,"0,2,3,4,5,6,7,8,9",9,26.8202380952381,12.3353129896935,26.8202380952381,26.8202380952381,12.3353129896935,12.3353129896935,26.58630952380953,12.189206349206348,0.1324655540730231,0.1429729592809002,False,True,False
R019,1,1,1,2,1,8,"0,1,2,3,4,5,6,7,8,9",10,26.820238095238103,12.3353129896935,26.8202380952381,26.8202380952381,12.3353129896935,12.3353129896935,26.58630952380953,12.189206349206348,0.1324655540730231,0.1429729592809002,True,True,False
R015,1,1,1,2,1,9,"0,1,2,3,4,6,7,8,9",9,26.8202380952381,12.3353129896935,26.8202380952381,26.8202380952381,12.3353129896935,12.3353129896935,26.58630952380953,12.189206349206348,0.1324655540730231,0.1429729592809002,False,True,False
R029,1,1,1,2,1,10,"0,1,2,3,4,6,7,8,9",9,26.8202380952381,12.3353129896935,26.8202380952381,26.8202380952381,12.3353129896935,12.3353129896935,26.58630952380953,12.189206349206348,0.1324655540730231,0.1429729592809002,False,True,False
R010,1,1,1,2,1,5,"0,1,4,5,6,7,8,9",8,26.9297619047619,12.3373449695141,26.9297619047619,26.9297619047619,12.3373449695141,12.3373449695141,26.58630952380953,12.18889880952381,0.1324655540730231,0.1428077960543965,True,True,False
R121,1,1,1,2,1,2,3,1,26.8988095238095,12.3660506402138,26.8988095238095,26.8988095238095,12.3660506402138,12.3660506402138,26.58630952380953,12.147658730158732,0.1324655540730231,0.1236000450472269,False,False,True
R102,1,1,1,1,2,3,2,1,26.8678571428572,12.3922184460661,26.8678571428572,26.8678571428572,12.3922184460661,12.3922184460661,26.633333333333333,12.178799603174603,0.2731773239859712,0.1971429612316172,False,False,True
R100,1,1,2,1,1,9,2,1,26.8976190476191,12.4107013513997,26.8976190476191,26.8976190476191,12.4107013513997,12.4107013513997,26.33452380952381,12.173373015873016,0.1537005732362502,0.1213973806423885,False,False,False
R101,1,1,2,1,1,8,2,1,26.8976190476191,12.4107013513997,26.8976190476191,26.8976190476191,12.4107013513997,12.4107013513997,26.33452380952381,12.173373015873016,0.1537005732362502,0.1213973806423885,False,False,False
R099,1,1,2,1,1,7,2,1,26.8976190476191,12.4107013513997,26.8976190476191,26.8976190476191,12.4107013513997,12.4107013513997,26.33452380952381,12.173363095238097,0.1537005732362502,0.1213995375374932,False,False,False
R103,1,1,2,1,1,5,2,1,26.8976190476191,12.4107013513997,26.8976190476191,26.8976190476191,12.4107013513997,12.4107013513997,26.33452380952381,12.172986111111111,0.1537005732362502,0.1214941810541306,False,False,False
R028,1,1,2,1,1,4,"0,1,2,3,4,5,6,7,9",9,26.9845238095238,12.4357073477328,26.9845238095238,26.9845238095238,12.4357073477328,12.4357073477328,26.33452380952381,12.171934523809522,0.1537005732362502,0.1216753513613386,True,True,False
R086,1,1,2,2,1,2,"1,8,9",3,27.067857142857104,13.188081481136,27.0678571428571,27.0678571428571,13.188081481136,13.188081481136,26.782738095238095,13.174275793650796,0.1770620735537579,0.135828506610889,True,True,False
R032,1,1,1,2,2,3,"0,2,3,5,7,8",6,27.088095238095196,13.2790057368317,27.0880952380952,27.0880952380952,13.2790057368317,13.2790057368317,27.0125,13.154335317460315,0.2625728761813039,0.1500592565437344,True,True,False
F06,1,1,1,2,2,2,"1,4",2,27.0821428571429,13.4112730464437,27.0821428571429,27.0821428571429,13.4112730464437,13.4112730464437,27.0125,13.143303571428572,0.2625728761813039,0.1486193576584321,False,False,True
R098,1,1,1,2,2,2,"1,4",2,27.0821428571429,13.4112730464437,27.0821428571429,27.0821428571429,13.4112730464437,13.4112730464437,27.0125,13.143303571428572,0.2625728761813039,0.1486193576584321,False,False,True
R140,1,1,1,2,2,8,6,1,27.0523809523809,13.4236435635083,27.0523809523809,27.0523809523809,13.4236435635083,13.4236435635083,27.0125,13.1590376984127,0.2625728761813039,0.1517184494720745,False,False,False
R144,1,1,1,2,2,7,6,1,27.0523809523809,13.4236435635083,27.0523809523809,27.0523809523809,13.4236435635083,13.4236435635083,27.0125,13.15902777777778,0.2625728761813039,0.151705815935604,False,False,False
R142,1,1,1,2,2,6,6,1,27.0523809523809,13.4236435635083,27.0523809523809,27.0523809523809,13.4236435635083,13.4236435635083,27.0125,13.158938492063497,0.2625728761813039,0.1516152848688142,False,False,False
R141,1,1,1,2,2,10,6,1,27.0523809523809,13.4236435635083,27.0523809523809,27.0523809523809,13.4236435635083,13.4236435635083,27.0125,13.1590376984127,0.2625728761813039,0.1517184494720745,False,False,False
R139,1,1,1,2,2,9,6,1,27.0523809523809,13.4236435635083,27.0523809523809,27.0523809523809,13.4236435635083,13.4236435635083,27.0125,13.1590376984127,0.2625728761813039,0.1517184494720745,False,False,False
R020,1,1,1,2,2,5,"0,1,3,4,6,7,8,9",8,27.1130952380952,13.4260354856557,27.1130952380952,27.1130952380952,13.4260354856557,13.4260354856557,27.0125,13.15861111111111,0.2625728761813039,0.1513516513731973,True,True,False
R023,1,1,2,1,2,10,"0,3,6",3,27.1214285714286,13.439733068600598,27.1214285714286,27.1214285714286,13.4397330686006,13.4397330686006,26.685714285714283,13.200257936507937,0.2174012925340256,0.2239348431580529,True,True,False
R087,1,1,2,1,2,6,"1,3,6,7",4,27.1214285714286,13.4397330686006,27.1214285714286,27.1214285714286,13.4397330686006,13.4397330686006,26.685714285714283,13.20020833333333,0.2174012925340256,0.2238905999808716,False,True,False
R050,1,1,2,1,2,7,"0,3,6,7",4,27.1214285714286,13.4397330686006,27.1214285714286,27.1214285714286,13.4397330686006,13.4397330686006,26.685714285714283,13.200238095238095,0.2174012925340256,0.2239171350688132,False,True,False
R036,1,1,2,1,2,8,"0,1,2,6",4,27.1214285714286,13.4397330686006,27.1214285714286,27.1214285714286,13.4397330686006,13.4397330686006,26.685714285714283,13.200257936507937,0.2174012925340256,0.2239348431580529,False,True,False
R040,1,1,2,1,2,9,"0,3,6,7",4,27.1214285714286,13.4397330686006,27.1214285714286,27.1214285714286,13.4397330686006,13.4397330686006,26.685714285714283,13.200257936507937,0.2174012925340256,0.2239348431580529,False,True,False
R031,1,1,3,1,1,6,"0,1,2,3,4,5,6,7,9",9,27.2119047619047,13.4465016627455,27.2119047619047,27.2119047619047,13.4465016627455,13.4465016627455,26.428571428571427,12.993382936507938,0.1245456595598281,0.1581118292002126,True,True,False
R052,1,1,3,1,1,5,"0,1,2,3,4,5,6,8,9",9,27.2119047619047,13.4465016627455,27.2119047619047,27.2119047619047,13.4465016627455,13.4465016627455,26.428571428571427,12.993144841269842,0.1245456595598281,0.1581896143914524,True,True,False
R024,1,1,3,1,1,4,"0,1,2,3,4,5,6,7,8,9",10,27.2119047619047,13.4465016627455,27.2119047619047,27.2119047619047,13.4465016627455,13.4465016627455,26.428571428571427,12.992251984126984,0.1245456595598281,0.1584167071856746,True,True,False
R035,1,1,3,1,1,9,"0,1,2,3,5,7,8",7,27.2119047619047,13.4465016627455,27.2119047619047,27.2119047619047,13.4465016627455,13.4465016627455,26.428571428571427,12.99342261904762,0.1245456595598281,0.1581216140390367,True,True,False
R030,1,1,3,1,1,10,"0,1,2,3,5,6,7,8,9",9,27.2119047619047,13.4465016627455,27.2119047619047,27.2119047619047,13.4465016627455,13.4465016627455,26.428571428571427,12.99342261904762,0.1245456595598281,0.1581216140390367,True,True,False
R053,1,1,3,1,1,8,"0,1,2,4,5,6,7,8,9",9,27.2119047619047,13.4465016627455,27.2119047619047,27.2119047619047,13.4465016627455,13.4465016627455,26.428571428571427,12.99342261904762,0.1245456595598281,0.1581216140390367,True,True,False
R039,1,1,3,1,1,7,"0,2,3,4,5,6,7,8,9",9,27.2119047619047,13.4465016627455,27.2119047619047,27.2119047619047,13.4465016627455,13.4465016627455,26.428571428571427,12.99342261904762,0.1245456595598281,0.1581216140390367,True,True,False
R043,1,1,1,3,2,5,"0,4",2,27.2952380952381,14.3207471333984,27.2952380952381,27.2952380952381,14.3207471333984,14.3207471333984,27.079761904761902,14.15160714285714,0.1513169699565302,0.388487292640583,True,True,True
R045,1,1,1,3,2,6,"0,3,4,6",4,27.2952380952381,14.3207471333984,27.2952380952381,27.2952380952381,14.3207471333984,14.3207471333984,27.079761904761902,14.151924603174605,0.1513169699565302,0.3882434086774124,True,True,False
R143,1,1,1,3,2,10,6,1,27.2952380952381,14.3207471333984,27.2952380952381,27.2952380952381,14.3207471333984,14.3207471333984,27.079761904761902,14.15206349206349,0.1513169699565302,0.3880301951736039,True,True,False
R054,1,1,1,3,2,9,"0,3,6",3,27.2952380952381,14.3207471333984,27.2952380952381,27.2952380952381,14.3207471333984,14.3207471333984,27.079761904761902,14.15206349206349,0.1513169699565302,0.3880301951736039,True,True,False
R049,1,1,1,3,2,8,"0,5,6",3,27.2952380952381,14.3207471333984,27.2952380952381,27.2952380952381,14.3207471333984,14.3207471333984,27.079761904761902,14.15206349206349,0.1513169699565302,0.3880301951736039,True,True,False
R046,1,1,1,3,2,7,"0,3,5",3,27.2952380952381,14.3207471333984,27.2952380952381,27.2952380952381,14.3207471333984,14.3207471333984,27.079761904761902,14.15203373015873,0.1513169699565302,0.3881046292370514,True,True,False
R104,1,1,3,1,2,4,"2,7,9",3,27.254761904761903,14.3467823483451,27.2547619047619,27.2547619047619,14.3467823483451,14.3467823483451,26.872023809523807,14.114136904761908,0.2504566407815226,0.1386700461966303,False,False,False
R097,1,1,3,1,2,5,1,1,27.2464285714286,14.4205659733475,27.2464285714286,27.2464285714286,14.4205659733475,14.4205659733475,26.872023809523807,14.115049603174604,0.2504566407815226,0.139190178098779,False,False,False
R091,1,1,3,1,2,10,1,1,27.2464285714286,14.4205659733475,27.2464285714286,27.2464285714286,14.4205659733475,14.4205659733475,26.872023809523807,14.115456349206346,0.2504566407815226,0.1395166425556915,False,False,False
R074,1,1,3,1,2,9,"1,8",2,27.2464285714286,14.4205659733475,27.2464285714286,27.2464285714286,14.4205659733475,14.4205659733475,26.872023809523807,14.115456349206346,0.2504566407815226,0.1395166425556915,False,False,False
R095,1,1,3,1,2,8,1,1,27.2464285714286,14.4205659733475,27.2464285714286,27.2464285714286,14.4205659733475,14.4205659733475,26.872023809523807,14.115456349206346,0.2504566407815226,0.1395166425556915,False,False,False
R085,1,1,3,1,2,7,1,1,27.2464285714286,14.4205659733475,27.2464285714286,27.2464285714286,14.4205659733475,14.4205659733475,26.872023809523807,14.115446428571426,0.2504566407815226,0.1395095193109186,False,False,False
R083,1,1,3,1,2,6,"1,8",2,27.2464285714286,14.4205659733475,27.2464285714286,27.2464285714286,14.4205659733475,14.4205659733475,26.872023809523807,14.11534722222222,0.2504566407815226,0.1394356940936697,False,False,False
R027,1,1,4,1,1,4,"0,2,3,4,5,6,7,8,9",9,27.3833333333333,14.439124876201898,27.3833333333333,27.3833333333333,14.4391248762019,14.4391248762019,26.40833333333334,14.18905753968254,0.1695373523215448,0.0955653072933969,True,True,False
R096,1,1,2,2,2,8,1,1,27.2738095238095,14.4855156077895,27.2738095238095,27.2738095238095,14.4855156077895,14.4855156077895,27.120833333333326,14.15640873015873,0.2514139437032779,0.1670855127722248,False,False,True
R088,1,1,3,1,3,7,1,1,27.3023809523809,15.3057711067066,27.3023809523809,27.3023809523809,15.3057711067066,15.3057711067066,26.889285714285712,15.217986111111108,0.1512701327467675,0.20531520376327,False,False,False
R071,1,1,3,1,3,10,1,1,27.3023809523809,15.3057711067066,27.3023809523809,27.3023809523809,15.3057711067066,15.3057711067066,26.889285714285712,15.217986111111108,0.1512701327467675,0.20531520376327,False,False,False
R068,1,1,3,1,3,9,1,1,27.3023809523809,15.3057711067066,27.3023809523809,27.3023809523809,15.3057711067066,15.3057711067066,26.889285714285712,15.217986111111108,0.1512701327467675,0.20531520376327,False,False,False
R072,1,1,3,1,3,8,1,1,27.3023809523809,15.3057711067066,27.3023809523809,27.3023809523809,15.3057711067066,15.3057711067066,26.889285714285712,15.217986111111108,0.1512701327467675,0.20531520376327,False,False,False
R081,1,1,3,1,3,6,1,1,27.3023809523809,15.3057711067066,27.3023809523809,27.3023809523809,15.3057711067066,15.3057711067066,26.889285714285712,15.217916666666664,0.1512701327467675,0.2052356256142925,False,False,False
R075,1,1,3,3,1,10,1,1,27.3726190476191,15.3573960985271,27.3726190476191,27.3726190476191,15.3573960985271,15.3573960985271,26.91904761904762,15.17797619047619,0.1406375183392606,0.2072866849240141,False,False,False
R092,1,1,3,3,1,8,1,1,27.3726190476191,15.3573960985271,27.3726190476191,27.3726190476191,15.3573960985271,15.3573960985271,26.91904761904762,15.17797619047619,0.1406375183392606,0.2072866849240141,False,False,False
R073,1,1,3,3,1,7,1,1,27.3726190476191,15.3573960985271,27.3726190476191,27.3726190476191,15.3573960985271,15.3573960985271,26.91904761904762,15.17797619047619,0.1406375183392606,0.2072866849240141,False,False,False
R066,1,1,3,3,1,6,1,1,27.3726190476191,15.3573960985271,27.3726190476191,27.3726190476191,15.3573960985271,15.3573960985271,26.91904761904762,15.17795634920635,0.1406375183392606,0.2072817840163691,False,False,False
R061,1,1,3,3,1,9,1,1,27.3726190476191,15.3573960985271,27.3726190476191,27.3726190476191,15.3573960985271,15.3573960985271,26.91904761904762,15.17797619047619,0.1406375183392606,0.2072866849240141,False,False,False
R014,1,2,4,2,1,7,"0,2,4,7",4,27.4392857142857,16.3032749247863,27.4392857142857,27.4392857142857,16.3032749247863,16.3032749247863,26.840476190476192,16.0709623015873,0.1301054865934688,0.1619526379985218,True,True,False
R025,1,2,4,2,1,8,0,1,27.4392857142857,16.3032749247863,27.4392857142857,27.4392857142857,16.3032749247863,16.3032749247863,26.840476190476192,16.0709623015873,0.1301054865934688,0.1619526379985218,True,True,False
R041,1,2,4,2,1,9,0,1,27.4392857142857,16.3032749247863,27.4392857142857,27.4392857142857,16.3032749247863,16.3032749247863,26.840476190476192,16.0709623015873,0.1301054865934688,0.1619526379985218,True,True,False
R022,1,2,4,2,1,10,0,1,27.4392857142857,16.3032749247863,27.4392857142857,27.4392857142857,16.3032749247863,16.3032749247863,26.840476190476192,16.0709623015873,0.1301054865934688,0.1619526379985218,True,True,False
R126,2,1,4,2,1,5,"4,8,9",3,27.4392857142857,16.3032749247863,27.4392857142857,27.4392857142857,16.3032749247863,16.3032749247863,26.840476190476192,16.070595238095237,0.1301054865934688,0.1618767190933558,True,True,False
R125,2,1,4,2,1,10,"4,8,9",3,27.4392857142857,16.3032749247863,27.4392857142857,27.4392857142857,16.3032749247863,16.3032749247863,26.840476190476192,16.070714285714285,0.1301054865934688,0.1619699915283899,True,True,False
R129,2,1,4,2,1,6,"4,8,9",3,27.4392857142857,16.3032749247863,27.4392857142857,27.4392857142857,16.3032749247863,16.3032749247863,26.840476190476192,16.070714285714285,0.1301054865934688,0.1619699915283899,True,True,False
R003,2,1,4,2,1,7,"0,4,8,9",4,27.4392857142857,16.3032749247863,27.4392857142857,27.4392857142857,16.3032749247863,16.3032749247863,26.840476190476192,16.070714285714285,0.1301054865934688,0.1619699915283899,True,True,False
R002,2,1,4,2,1,9,"0,4,8,9",4,27.4392857142857,16.3032749247863,27.4392857142857,27.4392857142857,16.3032749247863,16.3032749247863,26.840476190476192,16.070714285714285,0.1301054865934688,0.1619699915283899,True,True,False
R128,2,1,4,2,1,8,"4,8,9",3,27.4392857142857,16.3032749247863,27.4392857142857,27.4392857142857,16.3032749247863,16.3032749247863,26.840476190476192,16.070714285714285,0.1301054865934688,0.1619699915283899,True,True,False
R037,1,2,4,2,1,5,"0,2",2,27.4392857142857,16.3032749247863,27.4392857142857,27.4392857142857,16.3032749247863,16.3032749247863,26.840476190476192,16.070843253968253,0.1301054865934688,0.1618592035501972,True,True,False
R008,1,2,4,2,1,6,"0,2",2,27.4392857142857,16.3032749247863,27.4392857142857,27.4392857142857,16.3032749247863,16.3032749247863,26.840476190476192,16.0709623015873,0.1301054865934688,0.1619526379985218,True,True,False
R137,1,1,2,4,2,3,5,1,27.4166666666667,16.3814245973591,27.4166666666667,27.4166666666667,16.3814245973591,16.3814245973591,27.307738095238097,16.182837301587302,0.1793050406961483,0.1132272534286564,False,False,True
R079,1,1,2,3,3,9,1,1,27.3904761904762,16.4810934821267,27.3904761904762,27.3904761904762,16.4810934821267,16.4810934821267,27.152380952380952,16.134047619047617,0.1863047694509768,0.1184760319107375,False,False,True
R070,1,1,2,3,3,10,1,1,27.3904761904762,16.4810934821267,27.3904761904762,27.3904761904762,16.4810934821267,16.4810934821267,27.152380952380952,16.134047619047617,0.1863047694509768,0.1184760319107375,False,False,True
R012,2,1,4,3,1,10,"0,4,8",3,27.475000000000005,17.3020233439166,27.475,27.475,17.3020233439166,17.3020233439166,27.00059523809524,16.957797619047618,0.1382298707426615,0.297992227017225,True,True,False
R005,2,1,4,3,1,9,"0,8,9",3,27.475000000000005,17.3020233439166,27.475,27.475,17.3020233439166,17.3020233439166,27.00059523809524,16.957797619047618,0.1382298707426615,0.297992227017225,True,True,False
R013,2,1,4,3,1,8,"0,4,9",3,27.475000000000005,17.3020233439166,27.475,27.475,17.3020233439166,17.3020233439166,27.00059523809524,16.95776785714286,0.1382298707426615,0.298043695234213,True,True,False
R021,1,2,4,3,1,5,"0,2",2,27.475,17.3020233439166,27.475,27.475,17.3020233439166,17.3020233439166,27.00059523809524,16.957083333333333,0.1382298707426615,0.2986367988476571,False,True,False
R105,1,2,4,3,1,6,"2,4",2,27.475,17.3020233439166,27.475,27.475,17.3020233439166,17.3020233439166,27.00059523809524,16.957480158730156,0.1382298707426615,0.2983916466633033,False,True,False
R017,1,2,4,3,1,7,"0,4,7",3,27.475000000000005,17.3020233439166,27.475,27.475,17.3020233439166,17.3020233439166,27.00059523809524,16.95766865079365,0.1382298707426615,0.298217853458207,True,True,False
R047,1,2,4,3,1,8,"0,4,7",3,27.475000000000005,17.3020233439166,27.475,27.475,17.3020233439166,17.3020233439166,27.00059523809524,16.957787698412698,0.1382298707426615,0.2980948420685643,True,True,False
R057,1,2,4,3,1,9,"0,4",2,27.475,17.3020233439166,27.475,27.475,17.3020233439166,17.3020233439166,27.00059523809524,16.95781746031746,0.1382298707426615,0.2980433509831336,False,True,False
R026,1,2,4,3,1,10,"0,4",2,27.475,17.3020233439166,27.475,27.475,17.3020233439166,17.3020233439166,27.00059523809524,16.95781746031746,0.1382298707426615,0.2980433509831336,False,True,False
R016,2,1,4,3,1,7,"0,9",2,27.475,17.3020233439166,27.475,27.475,17.3020233439166,17.3020233439166,27.00059523809524,16.95764880952381,0.1382298707426615,0.2981666603885352,False,True,False
R006,2,1,4,3,1,6,0,1,27.475,17.3020233439166,27.475,27.475,17.3020233439166,17.3020233439166,27.00059523809524,16.95746031746032,0.1382298707426615,0.2983403686141845,False,True,False
R124,2,1,4,3,1,5,"4,8,9",3,27.475000000000005,17.3020233439166,27.475,27.475,17.3020233439166,17.3020233439166,27.00059523809524,16.957063492063494,0.1382298707426615,0.29858549038429,True,True,False
R108,1,1,4,2,3,10,"3,6",2,27.4059523809524,17.3433551445509,27.4059523809524,27.4059523809524,17.3433551445509,17.3433551445509,27.265476190476193,17.136150793650796,0.236350752071017,0.2067406153130778,False,False,False
R112,1,1,4,2,3,9,"3,6",2,27.4059523809524,17.3433551445509,27.4059523809524,27.4059523809524,17.3433551445509,17.3433551445509,27.265476190476193,17.136150793650796,0.236350752071017,0.2067406153130778,False,False,False
R109,1,1,4,2,3,8,"3,6",2,27.4059523809524,17.3433551445509,27.4059523809524,27.4059523809524,17.3433551445509,17.3433551445509,27.265476190476193,17.136150793650796,0.236350752071017,0.2067406153130778,False,False,False
R123,1,1,4,2,3,7,3,1,27.4059523809524,17.3433551445509,27.4059523809524,27.4059523809524,17.3433551445509,17.3433551445509,27.265476190476193,17.136150793650796,0.236350752071017,0.2067406153130778,False,False,False
R111,1,1,4,2,3,6,3,1,27.4059523809524,17.3433551445509,27.4059523809524,27.4059523809524,17.3433551445509,17.3433551445509,27.265476190476193,17.13610119047619,0.236350752071017,0.2067289434126266,False,False,False
R114,1,1,2,4,3,5,3,1,27.4440476190476,17.3548195821428,27.4440476190476,27.4440476190476,17.3548195821428,17.3548195821428,27.205952380952382,17.171051587301587,0.1946018960832183,0.1830786545750842,False,False,False
R051,1,1,3,4,2,6,"0,1",2,27.4821428571428,17.3734111850664,27.4821428571428,27.4821428571428,17.3734111850664,17.3734111850664,27.11488095238095,17.098849206349207,0.1708665141163083,0.1425998440733028,True,True,False
R042,1,1,3,4,2,7,"0,2",2,27.4821428571428,17.3734111850664,27.4821428571428,27.4821428571428,17.3734111850664,17.3734111850664,27.11488095238095,17.09891865079365,0.1708665141163083,0.1425710349402592,True,True,False
R038,1,1,3,4,2,10,"0,1",2,27.4821428571428,17.3734111850664,27.4821428571428,27.4821428571428,17.3734111850664,17.3734111850664,27.11488095238095,17.098958333333332,0.1708665141163083,0.1425420028363347,True,True,False
R044,1,1,3,4,2,8,"0,1,2",3,27.4821428571428,17.3734111850664,27.4821428571428,27.4821428571428,17.3734111850664,17.3734111850664,27.11488095238095,17.098958333333332,0.1708665141163083,0.1425420028363347,True,True,False
R055,1,1,3,4,2,9,"0,1",2,27.4821428571428,17.3734111850664,27.4821428571428,27.4821428571428,17.3734111850664,17.3734111850664,27.11488095238095,17.098958333333332,0.1708665141163083,0.1425420028363347,True,True,False
R084,1,1,7,1,1,6,"1,3,5,7",4,27.4904761904762,17.4489253585555,27.4904761904762,27.4904761904762,17.4489253585555,17.4489253585555,26.49047619047619,16.981428571428573,0.2073138320115441,0.2584321885565659,False,True,False
R089,1,1,7,1,1,5,"1,7",2,27.4904761904762,17.4489253585555,27.4904761904762,27.4904761904762,17.4489253585555,17.4489253585555,26.49047619047619,16.981329365079368,0.2073138320115441,0.2584419604961127,False,True,False
R090,1,1,7,1,1,8,"1,2,7,8",4,27.4904761904762,17.4489253585555,27.4904761904762,27.4904761904762,17.4489253585555,17.4489253585555,26.49047619047619,16.981428571428573,0.2073138320115441,0.2584321885565659,False,True,False
R077,1,1,7,1,1,9,"1,2,3,5,7,8",6,27.4904761904762,17.4489253585555,27.4904761904762,27.4904761904762,17.4489253585555,17.4489253585555,26.49047619047619,16.981428571428573,0.2073138320115441,0.2584321885565659,False,True,False
R080,1,1,7,1,1,10,"1,2,7,8",4,27.4904761904762,17.4489253585555,27.4904761904762,27.4904761904762,17.4489253585555,17.4489253585555,26.49047619047619,16.981428571428573,0.2073138320115441,0.2584321885565659,False,True,False
R093,1,1,7,1,1,7,"1,2,3,5,7",5,27.490476190476205,17.4489253585555,27.4904761904762,27.4904761904762,17.4489253585555,17.4489253585555,26.49047619047619,16.981428571428573,0.2073138320115441,0.2584321885565659,True,True,False
R153,2,1,2,5,2,10,6,1,27.4357142857143,18.4770655923198,27.4357142857143,27.4357142857143,18.4770655923198,18.4770655923198,27.189880952380953,18.053501984126985,0.2153487192013875,0.2601030577655972,False,False,False
R146,2,1,2,5,2,9,6,1,27.4357142857143,18.4770655923198,27.4357142857143,27.4357142857143,18.4770655923198,18.4770655923198,27.189880952380953,18.053501984126985,0.2153487192013875,0.2601030577655972,False,False,False
R149,2,1,2,5,2,8,6,1,27.4357142857143,18.4770655923198,27.4357142857143,27.4357142857143,18.4770655923198,18.4770655923198,27.189880952380953,18.053501984126985,0.2153487192013875,0.2601030577655972,False,False,False
R147,2,1,2,5,2,6,6,1,27.4357142857143,18.4770655923198,27.4357142857143,27.4357142857143,18.4770655923198,18.4770655923198,27.189880952380953,18.05339285714286,0.2153487192013875,0.2600392041445172,False,False,False
R130,2,1,2,4,4,6,4,1,27.5071428571429,19.4892982931061,27.5071428571429,27.5071428571429,19.4892982931061,19.4892982931061,27.247023809523807,19.020208333333336,0.2193393825541343,0.3521903393111291,True,True,False
R011,1,2,2,4,4,9,0,1,27.5071428571429,19.4892982931061,27.5071428571429,27.5071428571429,19.4892982931061,19.4892982931061,27.247023809523807,19.020367063492067,0.2193393825541343,0.3521888749989088,True,True,False
R056,1,2,2,4,4,10,0,1,27.5071428571429,19.4892982931061,27.5071428571429,27.5071428571429,19.4892982931061,19.4892982931061,27.247023809523807,19.020367063492067,0.2193393825541343,0.3521888749989088,True,True,False
R001,1,2,2,4,4,5,0,1,27.5071428571429,19.4892982931061,27.5071428571429,27.5071428571429,19.4892982931061,19.4892982931061,27.247023809523807,19.020218253968252,0.2193393825541343,0.3520983070518773,True,True,False
R033,1,2,2,4,4,6,0,1,27.5071428571429,19.4892982931061,27.5071428571429,27.5071428571429,19.4892982931061,19.4892982931061,27.247023809523807,19.020357142857144,0.2193393825541343,0.3521832042247252,True,True,False
R004,1,2,2,4,4,7,0,1,27.5071428571429,19.4892982931061,27.5071428571429,27.5071428571429,19.4892982931061,19.4892982931061,27.247023809523807,19.020367063492067,0.2193393825541343,0.3521888749989088,True,True,False
R034,1,2,2,4,4,8,0,1,27.5071428571429,19.4892982931061,27.5071428571429,27.5071428571429,19.4892982931061,19.4892982931061,27.247023809523807,19.020367063492067,0.2193393825541343,0.3521888749989088,True,True,False
R048,2,1,2,4,4,5,0,1,27.5071428571429,19.4892982931061,27.5071428571429,27.5071428571429,19.4892982931061,19.4892982931061,27.247023809523807,19.020069444444445,0.2193393825541343,0.3521053432329791,True,True,False
R094,1,1,2,3,7,8,1,1,27.5392857142857,20.3914664137447,27.5392857142857,27.5392857142857,20.3914664137447,20.3914664137447,27.267261904761902,20.12917658730159,0.0974246758286498,0.1987379845961044,True,True,False
R078,1,1,2,3,7,7,1,1,27.5392857142857,20.3914664137447,27.5392857142857,27.5392857142857,20.3914664137447,20.3914664137447,27.267261904761902,20.129077380952378,0.0974246758286498,0.1986585899456398,True,True,False
R076,1,1,2,3,7,6,1,1,27.5392857142857,20.3914664137447,27.5392857142857,27.5392857142857,20.3914664137447,20.3914664137447,27.267261904761902,20.128829365079365,0.0974246758286498,0.1984708059753748,True,True,False
R082,1,1,2,3,7,10,1,1,27.5392857142857,20.3914664137447,27.5392857142857,27.5392857142857,20.3914664137447,20.3914664137447,27.267261904761902,20.12920634920635,0.0974246758286498,0.1987653374208899,True,True,False
R059,1,1,2,3,7,9,1,1,27.5392857142857,20.3914664137447,27.5392857142857,27.5392857142857,20.3914664137447,20.3914664137447,27.267261904761902,20.12920634920635,0.0974246758286498,0.1987653374208899,True,True,False
R145,3,1,3,2,5,5,6,1,27.4654761904762,20.4246515211104,27.4654761904762,27.4654761904762,20.4246515211104,20.4246515211104,27.232142857142858,20.146021825396826,0.158248276473403,0.169469821770235,False,False,False
R150,2,2,3,2,5,6,6,1,27.4738095238095,20.4285906501017,27.4738095238095,27.4738095238095,20.4285906501017,20.4285906501017,27.232142857142858,20.146140873015874,0.158248276473403,0.169508378948261,False,False,False
R148,3,1,3,2,5,6,6,1,27.4738095238095,20.4285906501017,27.4738095238095,27.4738095238095,20.4285906501017,20.4285906501017,27.232142857142858,20.146160714285717,0.158248276473403,0.1694358772252417,False,False,False
R120,1,1,8,2,3,5,3,1,27.5,21.4271497010065,27.5,27.5,21.4271497010065,21.4271497010065,27.312499999999993,20.896944444444447,0.2224192189468261,0.4811088301943019,False,False,True
R119,1,1,8,2,3,6,3,1,27.5,21.4271497010065,27.5,27.5,21.4271497010065,21.4271497010065,27.312499999999993,20.89718253968254,0.2224192189468261,0.4812008016885769,False,False,False
R122,1,1,8,2,3,7,3,1,27.5,21.4271497010065,27.5,27.5,21.4271497010065,21.4271497010065,27.312499999999993,20.897212301587302,0.2224192189468261,0.4812156118383969,False,False,False
R118,1,1,8,2,3,8,3,1,27.5,21.4271497010065,27.5,27.5,21.4271497010065,21.4271497010065,27.312499999999993,20.897212301587302,0.2224192189468261,0.4812156118383969,False,False,False
R116,1,1,8,2,3,9,"3,6",2,27.5,21.4271497010065,27.5,27.5,21.4271497010065,21.4271497010065,27.312499999999993,20.897212301587302,0.2224192189468261,0.4812156118383969,False,False,False
R115,1,1,8,2,3,10,3,1,27.5,21.4271497010065,27.5,27.5,21.4271497010065,21.4271497010065,27.312499999999993,20.897212301587302,0.2224192189468261,0.4812156118383969,False,False,False
R151,2,2,5,2,5,6,6,1,27.5261904761905,22.5183912282846,27.5261904761905,27.5261904761905,22.5183912282846,22.5183912282846,27.19464285714286,21.984900793650795,0.2010821418668938,0.298414844797668,False,False,False
R152,2,2,5,2,5,8,6,1,27.5261904761905,22.5183912282846,27.5261904761905,27.5261904761905,22.5183912282846,22.5183912282846,27.19464285714286,21.984930555555557,0.2010821418668938,0.2984359175007743,False,False,False
R127,6,1,5,4,4,4,4,1,27.5238095238095,26.5505755964742,27.5238095238095,27.5238095238095,26.5505755964742,26.5505755964742,27.25416666666667,26.0125496031746,0.1585178391500403,0.3401987513225061,False,False,False
R131,8,2,7,2,5,5,5,1,27.5154761904762,30.4741414317093,27.5154761904762,27.5154761904762,30.4741414317093,30.4741414317093,27.239285714285717,30.155357142857145,0.2173197900709056,0.2555419066156962,False,False,False
R132,8,2,7,2,5,6,5,1,27.5154761904762,30.4741414317093,27.5154761904762,27.5154761904762,30.4741414317093,30.4741414317093,27.239285714285717,30.1555753968254,0.2173197900709056,0.2554323990930375,False,False,False
R133,8,2,7,2,5,7,5,1,27.5154761904762,30.4741414317093,27.5154761904762,27.5154761904762,30.4741414317093,30.4741414317093,27.239285714285717,30.155654761904763,0.2173197900709056,0.2553606771070532,False,False,False
R138,8,2,7,2,5,9,5,1,27.5154761904762,30.4741414317093,27.5154761904762,27.5154761904762,30.4741414317093,30.4741414317093,27.239285714285717,30.155654761904763,0.2173197900709056,0.2553606771070532,False,False,False
R135,8,2,7,2,5,10,5,1,27.5154761904762,30.4741414317093,27.5154761904762,27.5154761904762,30.4741414317093,30.4741414317093,27.239285714285717,30.155654761904763,0.2173197900709056,0.2553606771070532,False,False,False
R136,6,4,7,2,5,7,5,1,27.5154761904762,30.4741414317093,27.5154761904762,27.5154761904762,30.4741414317093,30.4741414317093,27.239285714285717,30.155664682539687,0.2173197900709056,0.255354712598357,False,False,False
R134,9,1,7,2,5,7,5,1,27.5154761904762,30.4741414317093,27.5154761904762,27.5154761904762,30.4741414317093,30.4741414317093,27.239285714285717,30.155664682539687,0.2173197900709056,0.2553412417888716,False,False,False
R159,10,5,6,2,2,5,8,1,27.4940476190476,31.370231860718,27.4940476190476,27.4940476190476,31.370231860718,31.370231860718,27.214880952380952,30.949196428571433,0.1060610063823173,0.2974573682868339,False,False,False
R157,10,5,6,2,2,6,8,1,27.4940476190476,31.370231860718,27.4940476190476,27.4940476190476,31.370231860718,31.370231860718,27.214880952380952,30.949533730158738,0.1060610063823173,0.297605360300343,False,False,False
R158,10,5,6,2,2,9,8,1,27.4940476190476,31.370231860718,27.4940476190476,27.4940476190476,31.370231860718,31.370231860718,27.214880952380952,30.94960317460318,0.1060610063823173,0.29768227172371,False,False,False
R107,7,8,3,5,3,10,3,1,27.5714285714286,32.4590763773898,27.5714285714286,27.5714285714286,32.4590763773898,32.4590763773898,27.238690476190477,32.195099206349205,0.1621944624541597,0.0937519022230795,True,True,False
R106,7,8,3,5,3,9,3,1,27.5714285714286,32.4590763773898,27.5714285714286,27.5714285714286,32.4590763773898,32.4590763773898,27.238690476190477,32.195099206349205,0.1621944624541597,0.0937519022230795,True,True,False
R117,7,8,3,5,3,5,3,1,27.5714285714286,32.4590763773898,27.5714285714286,27.5714285714286,32.4590763773898,32.4590763773898,27.238690476190477,32.194920634920635,0.1621944624541597,0.0937475413299837,True,True,False
R110,7,8,3,5,3,6,3,1,27.5714285714286,32.4590763773898,27.5714285714286,27.5714285714286,32.4590763773898,32.4590763773898,27.238690476190477,32.19506944444444,0.1621944624541597,0.0937546195426901,True,True,False
R113,7,8,3,5,3,7,3,1,27.5714285714286,32.4590763773898,27.5714285714286,27.5714285714286,32.4590763773898,32.4590763773898,27.238690476190477,32.195099206349205,0.1621944624541597,0.0937519022230795,True,True,False
R161,10,5,6,2,4,7,8,1,27.5261904761905,33.345250009881,27.5261904761905,27.5261904761905,33.345250009881,33.345250009881,27.292857142857144,33.02057539682539,0.1744728048642199,0.2104680044839098,False,False,False
R154,10,5,6,2,4,6,8,1,27.5261904761905,33.345250009881,27.5261904761905,27.5261904761905,33.345250009881,33.345250009881,27.292857142857144,33.02056547619047,0.1744728048642199,0.2104790720511443,False,False,False
R163,10,5,6,2,4,5,8,1,27.5261904761905,33.345250009881,27.5261904761905,27.5261904761905,33.345250009881,33.345250009881,27.292857142857144,33.02043650793651,0.1744728048642199,0.2104854871253013,False,False,False
R156,9,6,6,2,4,6,8,1,27.5261904761905,33.345250009881,27.5261904761905,27.5261904761905,33.345250009881,33.345250009881,27.292857142857144,33.02056547619047,0.1744728048642199,0.2104790720511443,False,False,False
R155,9,6,6,2,4,9,8,1,27.5261904761905,33.345250009881,27.5261904761905,27.5261904761905,33.345250009881,33.345250009881,27.292857142857144,33.02057539682539,0.1744728048642199,0.2104680044839098,False,False,False
R160,10,5,6,2,4,8,8,1,27.5261904761905,33.345250009881,27.5261904761905,27.5261904761905,33.345250009881,33.345250009881,27.292857142857144,33.02057539682539,0.1744728048642199,0.2104680044839098,False,False,False
R162,10,5,6,2,4,9,8,1,27.5261904761905,33.345250009881,27.5261904761905,27.5261904761905,33.345250009881,33.345250009881,27.292857142857144,33.02057539682539,0.1744728048642199,0.2104680044839098,False,False,False
R058,7,1,8,5,8,9,1,1,27.5880952380953,35.4019527427752,27.5880952380953,27.5880952380953,35.4019527427752,35.4019527427752,27.252976190476193,35.088898809523805,0.241379873223264,0.0783686638584716,True,True,False
R064,7,1,8,6,7,9,1,1,27.5880952380953,35.4019527427752,27.5880952380953,27.5880952380953,35.4019527427752,35.4019527427752,27.299404761904764,35.06601190476191,0.2223523039056583,0.0846916207140562,True,True,False
R065,7,1,8,5,8,7,1,1,27.5880952380953,35.4019527427752,27.5880952380953,27.5880952380953,35.4019527427752,35.4019527427752,27.252976190476193,35.088898809523805,0.241379873223264,0.0783686638584716,True,True,False
R067,7,1,8,5,8,6,1,1,27.5880952380953,35.4019527427752,27.5880952380953,27.5880952380953,35.4019527427752,35.4019527427752,27.252976190476193,35.08882936507936,0.241379873223264,0.0783097896462946,True,True,False
R069,7,1,8,5,8,5,1,1,27.5880952380953,35.4019527427752,27.5880952380953,27.5880952380953,35.4019527427752,35.4019527427752,27.252976190476193,35.08845238095238,0.241379873223264,0.0780475989723034,True,True,False
R060,7,1,8,7,6,9,1,1,27.5880952380953,35.4019527427752,27.5880952380953,27.5880952380953,35.4019527427752,35.4019527427752,27.255952380952387,35.0360119047619,0.2026958334722979,0.1406777024643467,True,True,False
R062,7,1,8,8,5,9,1,1,27.5880952380953,35.4019527427752,27.5880952380953,27.5880952380953,35.4019527427752,35.4019527427752,27.249404761904763,35.078581349206345,0.1916712880247356,0.0787128638487995,True,True,False
R063,7,1,8,5,8,8,1,1,27.5880952380953,35.4019527427752,27.5880952380953,27.5880952380953,35.4019527427752,35.4019527427752,27.252976190476193,35.088898809523805,0.241379873223264,0.0783686638584716,True,True,False
