config_id,source,PostLoading,PostConveyor,PostWashing,PrePress1,PrePress2,PostPress1_2,total,note
INIT,initial,2,2,2,3,3,3,15,Initial unoptimized line (from des_perturbable.py DEFAULT_BUFFER_CAPS)
F01,framework,1,1,1,1,1,1,6,V1 (lowest-WIP)
F02,framework,1,1,1,1,1,2,7,
F03,framework,1,1,1,1,2,1,7,
F04,framework,1,1,1,1,2,2,8,
F05,framework,1,1,1,1,1,4,9,
F06,framework,1,1,1,2,2,2,9,
F07,framework,1,1,1,3,1,2,9,
F08,framework,1,1,1,3,2,2,10,
F09,framework,1,1,1,1,2,4,10,
F10,framework,1,1,1,3,2,3,11,V2 (knee-point)
F11,framework,1,1,1,3,2,4,12,
F12,framework,1,1,1,1,2,9,15,
F13,framework,1,3,4,3,4,2,17,V3 (highest-TH)
F14,framework,3,1,1,3,3,6,17,
F15,framework,4,1,1,4,3,10,23,
R001,facts,1,2,2,4,4,5,18,"FACTS Pareto (reported FACTS TH=27.507, WIP=19.489)"
R002,facts,2,1,4,2,1,9,19,"FACTS Pareto (reported FACTS TH=27.439, WIP=16.303)"
R003,facts,2,1,4,2,1,7,17,"FACTS Pareto (reported FACTS TH=27.439, WIP=16.303)"
R004,facts,1,2,2,4,4,7,20,"FACTS Pareto (reported FACTS TH=27.507, WIP=19.489)"
R005,facts,2,1,4,3,1,9,20,"FACTS Pareto (reported FACTS TH=27.475, WIP=17.302)"
R006,facts,2,1,4,3,1,6,17,"FACTS Pareto (reported FACTS TH=27.475, WIP=17.302)"
R007,facts,1,1,1,2,1,7,13,"FACTS Pareto (reported FACTS TH=26.820, WIP=12.335)"
R008,facts,1,2,4,2,1,6,16,"FACTS Pareto (reported FACTS TH=27.439, WIP=16.303)"
R009,facts,1,1,1,2,1,6,12,"FACTS Pareto (reported FACTS TH=26.820, WIP=12.335)"
R010,facts,1,1,1,2,1,5,11,"FACTS Pareto (reported FACTS TH=26.930, WIP=12.337)"
R011,facts,1,2,2,4,4,9,22,"FACTS Pareto (reported FACTS TH=27.507, WIP=19.489)"
R012,facts,2,1,4,3,1,10,21,"FACTS Pareto (reported FACTS TH=27.475, WIP=17.302)"
R013,facts,2,1,4,3,1,8,19,"FACTS Pareto (reported FACTS TH=27.475, WIP=17.302)"
R014,facts,1,2,4,2,1,7,17,"FACTS Pareto (reported FACTS TH=27.439, WIP=16.303)"
R015,facts,1,1,1,2,1,9,15,"FACTS Pareto (reported FACTS TH=26.820, WIP=12.335)"
R016,facts,2,1,4,3,1,7,18,"FACTS Pareto (reported FACTS TH=27.475, WIP=17.302)"
R017,facts,1,2,4,3,1,7,18,"FACTS Pareto (reported FACTS TH=27.475, WIP=17.302)"
R018,facts,1,1,1,1,1,4,9,"FACTS Pareto (reported FACTS TH=26.760, WIP=11.375)"
R019,facts,1,1,1,2,1,8,14,"FACTS Pareto (reported FACTS TH=26.820, WIP=12.335)"
R020,facts,1,1,1,2,2,5,12,"FACTS Pareto (reported FACTS TH=27.113, WIP=13.426)"
R021,facts,1,2,4,3,1,5,16,"FACTS Pareto (reported FACTS TH=27.475, WIP=17.302)"
R022,facts,1,2,4,2,1,10,20,"FACTS Pareto (reported FACTS TH=27.439, WIP=16.303)"
R023,facts,1,1,2,1,2,10,17,"FACTS Pareto (reported FACTS TH=27.121, WIP=13.440)"
R024,facts,1,1,3,1,1,4,11,"FACTS Pareto (reported FACTS TH=27.212, WIP=13.447)"
R025,facts,1,2,4,2,1,8,18,"FACTS Pareto (reported FACTS TH=27.439, WIP=16.303)"
R026,facts,1,2,4,3,1,10,21,"FACTS Pareto (reported FACTS TH=27.475, WIP=17.302)"
R027,facts,1,1,4,1,1,4,12,"FACTS Pareto (reported FACTS TH=27.383, WIP=14.439)"
R028,facts,1,1,2,1,1,4,10,"FACTS Pareto (reported FACTS TH=26.985, WIP=12.436)"
R029,facts,1,1,1,2,1,10,16,"FACTS Pareto (reported FACTS TH=26.820, WIP=12.335)"
R030,facts,1,1,3,1,1,10,17,"FACTS Pareto (reported FACTS TH=27.212, WIP=13.447)"
R031,facts,1,1,3,1,1,6,13,"FACTS Pareto (reported FACTS TH=27.212, WIP=13.447)"
R032,facts,1,1,1,2,2,3,10,"FACTS Pareto (reported FACTS TH=27.088, WIP=13.279)"
R033,facts,1,2,2,4,4,6,19,"FACTS Pareto (reported FACTS TH=27.507, WIP=19.489)"
R034,facts,1,2,2,4,4,8,21,"FACTS Pareto (reported FACTS TH=27.507, WIP=19.489)"
R035,facts,1,1,3,1,1,9,16,"FACTS Pareto (reported FACTS TH=27.212, WIP=13.447)"
R036,facts,1,1,2,1,2,8,15,"FACTS Pareto (reported FACTS TH=27.121, WIP=13.440)"
R037,facts,1,2,4,2,1,5,15,"FACTS Pareto (reported FACTS TH=27.439, WIP=16.303)"
R038,facts,1,1,3,4,2,10,21,"FACTS Pareto (reported FACTS TH=27.482, WIP=17.373)"
R039,facts,1,1,3,1,1,7,14,"FACTS Pareto (reported FACTS TH=27.212, WIP=13.447)"
R040,facts,1,1,2,1,2,9,16,"FACTS Pareto (reported FACTS TH=27.121, WIP=13.440)"
R041,facts,1,2,4,2,1,9,19,"FACTS Pareto (reported FACTS TH=27.439, WIP=16.303)"
R042,facts,1,1,3,4,2,7,18,"FACTS Pareto (reported FACTS TH=27.482, WIP=17.373)"
R043,facts,1,1,1,3,2,5,13,"FACTS Pareto (reported FACTS TH=27.295, WIP=14.321)"
R044,facts,1,1,3,4,2,8,19,"FACTS Pareto (reported FACTS TH=27.482, WIP=17.373)"
R045,facts,1,1,1,3,2,6,14,"FACTS Pareto (reported FACTS TH=27.295, WIP=14.321)"
R046,facts,1,1,1,3,2,7,15,"FACTS Pareto (reported FACTS TH=27.295, WIP=14.321)"
R047,facts,1,2,4,3,1,8,19,"FACTS Pareto (reported FACTS TH=27.475, WIP=17.302)"
R048,facts,2,1,2,4,4,5,18,"FACTS Pareto (reported FACTS TH=27.507, WIP=19.489)"
R049,facts,1,1,1,3,2,8,16,"FACTS Pareto (reported FACTS TH=27.295, WIP=14.321)"
R050,facts,1,1,2,1,2,7,14,"FACTS Pareto (reported FACTS TH=27.121, WIP=13.440)"
R051,facts,1,1,3,4,2,6,17,"FACTS Pareto (reported FACTS TH=27.482, WIP=17.373)"
R052,facts,1,1,3,1,1,5,12,"FACTS Pareto (reported FACTS TH=27.212, WIP=13.447)"
R053,facts,1,1,3,1,1,8,15,"FACTS Pareto (reported FACTS TH=27.212, WIP=13.447)"
R054,facts,1,1,1,3,2,9,17,"FACTS Pareto (reported FACTS TH=27.295, WIP=14.321)"
R055,facts,1,1,3,4,2,9,20,"FACTS Pareto (reported FACTS TH=27.482, WIP=17.373)"
R056,facts,1,2,2,4,4,10,23,"FACTS Pareto (reported FACTS TH=27.507, WIP=19.489)"
R057,facts,1,2,4,3,1,9,20,"FACTS Pareto (reported FACTS TH=27.475, WIP=17.302)"
R058,facts,7,1,8,5,8,9,38,"FACTS Pareto (reported FACTS TH=27.588, WIP=35.402)"
R059,facts,1,1,2,3,7,9,23,"FACTS Pareto (reported FACTS TH=27.539, WIP=20.391)"
R060,facts,7,1,8,7,6,9,38,"FACTS Pareto (reported FACTS TH=27.588, WIP=35.402)"
R061,facts,1,1,3,3,1,9,18,"FACTS Pareto (reported FACTS TH=27.373, WIP=15.357)"
R062,facts,7,1,8,8,5,9,38,"FACTS Pareto (reported FACTS TH=27.588, WIP=35.402)"
R063,facts,7,1,8,5,8,8,37,"FACTS Pareto (reported FACTS TH=27.588, WIP=35.402)"
R064,facts,7,1,8,6,7,9,38,"FACTS Pareto (reported FACTS TH=27.588, WIP=35.402)"
R065,facts,7,1,8,5,8,7,36,"FACTS Pareto (reported FACTS TH=27.588, WIP=35.402)"
R066,facts,1,1,3,3,1,6,15,"FACTS Pareto (reported FACTS TH=27.373, WIP=15.357)"
R067,facts,7,1,8,5,8,6,35,"FACTS Pareto (reported FACTS TH=27.588, WIP=35.402)"
R068,facts,1,1,3,1,3,9,18,"FACTS Pareto (reported FACTS TH=27.302, WIP=15.306)"
R069,facts,7,1,8,5,8,5,34,"FACTS Pareto (reported FACTS TH=27.588, WIP=35.402)"
R070,facts,1,1,2,3,3,10,20,"FACTS Pareto (reported FACTS TH=27.390, WIP=16.481)"
R071,facts,1,1,3,1,3,10,19,"FACTS Pareto (reported FACTS TH=27.302, WIP=15.306)"
R072,facts,1,1,3,1,3,8,17,"FACTS Pareto (reported FACTS TH=27.302, WIP=15.306)"
R073,facts,1,1,3,3,1,7,16,"FACTS Pareto (reported FACTS TH=27.373, WIP=15.357)"
R074,facts,1,1,3,1,2,9,17,"FACTS Pareto (reported FACTS TH=27.246, WIP=14.421)"
R075,facts,1,1,3,3,1,10,19,"FACTS Pareto (reported FACTS TH=27.373, WIP=15.357)"
R076,facts,1,1,2,3,7,6,20,"FACTS Pareto (reported FACTS TH=27.539, WIP=20.391)"
R077,facts,1,1,7,1,1,9,20,"FACTS Pareto (reported FACTS TH=27.490, WIP=17.449)"
R078,facts,1,1,2,3,7,7,21,"FACTS Pareto (reported FACTS TH=27.539, WIP=20.391)"
R079,facts,1,1,2,3,3,9,19,"FACTS Pareto (reported FACTS TH=27.390, WIP=16.481)"
R080,facts,1,1,7,1,1,10,21,"FACTS Pareto (reported FACTS TH=27.490, WIP=17.449)"
R081,facts,1,1,3,1,3,6,15,"FACTS Pareto (reported FACTS TH=27.302, WIP=15.306)"
R082,facts,1,1,2,3,7,10,24,"FACTS Pareto (reported FACTS TH=27.539, WIP=20.391)"
R083,facts,1,1,3,1,2,6,14,"FACTS Pareto (reported FACTS TH=27.246, WIP=14.421)"
R084,facts,1,1,7,1,1,6,17,"FACTS Pareto (reported FACTS TH=27.490, WIP=17.449)"
R085,facts,1,1,3,1,2,7,15,"FACTS Pareto (reported FACTS TH=27.246, WIP=14.421)"
R086,facts,1,1,2,2,1,2,9,"FACTS Pareto (reported FACTS TH=27.068, WIP=13.188)"
R087,facts,1,1,2,1,2,6,13,"FACTS Pareto (reported FACTS TH=27.121, WIP=13.440)"
R088,facts,1,1,3,1,3,7,16,"FACTS Pareto (reported FACTS TH=27.302, WIP=15.306)"
R089,facts,1,1,7,1,1,5,16,"FACTS Pareto (reported FACTS TH=27.490, WIP=17.449)"
R090,facts,1,1,7,1,1,8,19,"FACTS Pareto (reported FACTS TH=27.490, WIP=17.449)"
R091,facts,1,1,3,1,2,10,18,"FACTS Pareto (reported FACTS TH=27.246, WIP=14.421)"
R092,facts,1,1,3,3,1,8,17,"FACTS Pareto (reported FACTS TH=27.373, WIP=15.357)"
R093,facts,1,1,7,1,1,7,18,"FACTS Pareto (reported FACTS TH=27.490, WIP=17.449)"
R094,facts,1,1,2,3,7,8,22,"FACTS Pareto (reported FACTS TH=27.539, WIP=20.391)"
R095,facts,1,1,3,1,2,8,16,"FACTS Pareto (reported FACTS TH=27.246, WIP=14.421)"
R096,facts,1,1,2,2,2,8,16,"FACTS Pareto (reported FACTS TH=27.274, WIP=14.486)"
R097,facts,1,1,3,1,2,5,13,"FACTS Pareto (reported FACTS TH=27.246, WIP=14.421)"
R098,facts,1,1,1,2,2,2,9,"FACTS Pareto (reported FACTS TH=27.082, WIP=13.411)"
R099,facts,1,1,2,1,1,7,13,"FACTS Pareto (reported FACTS TH=26.898, WIP=12.411)"
R100,facts,1,1,2,1,1,9,15,"FACTS Pareto (reported FACTS TH=26.898, WIP=12.411)"
R101,facts,1,1,2,1,1,8,14,"FACTS Pareto (reported FACTS TH=26.898, WIP=12.411)"
R102,facts,1,1,1,1,2,3,9,"FACTS Pareto (reported FACTS TH=26.868, WIP=12.392)"
R103,facts,1,1,2,1,1,5,11,"FACTS Pareto (reported FACTS TH=26.898, WIP=12.411)"
R104,facts,1,1,3,1,2,4,12,"FACTS Pareto (reported FACTS TH=27.255, WIP=14.347)"
R105,facts,1,2,4,3,1,6,17,"FACTS Pareto (reported FACTS TH=27.475, WIP=17.302)"
R106,facts,7,8,3,5,3,9,35,"FACTS Pareto (reported FACTS TH=27.571, WIP=32.459)"
R107,facts,7,8,3,5,3,10,36,"FACTS Pareto (reported FACTS TH=27.571, WIP=32.459)"
R108,facts,1,1,4,2,3,10,21,"FACTS Pareto (reported FACTS TH=27.406, WIP=17.343)"
R109,facts,1,1,4,2,3,8,19,"FACTS Pareto (reported FACTS TH=27.406, WIP=17.343)"
R110,facts,7,8,3,5,3,6,32,"FACTS Pareto (reported FACTS TH=27.571, WIP=32.459)"
R111,facts,1,1,4,2,3,6,17,"FACTS Pareto (reported FACTS TH=27.406, WIP=17.343)"
R112,facts,1,1,4,2,3,9,20,"FACTS Pareto (reported FACTS TH=27.406, WIP=17.343)"
R113,facts,7,8,3,5,3,7,33,"FACTS Pareto (reported FACTS TH=27.571, WIP=32.459)"
R114,facts,1,1,2,4,3,5,16,"FACTS Pareto (reported FACTS TH=27.444, WIP=17.355)"
R115,facts,1,1,8,2,3,10,25,"FACTS Pareto (reported FACTS TH=27.500, WIP=21.427)"
R116,facts,1,1,8,2,3,9,24,"FACTS Pareto (reported FACTS TH=27.500, WIP=21.427)"
R117,facts,7,8,3,5,3,5,31,"FACTS Pareto (reported FACTS TH=27.571, WIP=32.459)"
R118,facts,1,1,8,2,3,8,23,"FACTS Pareto (reported FACTS TH=27.500, WIP=21.427)"
R119,facts,1,1,8,2,3,6,21,"FACTS Pareto (reported FACTS TH=27.500, WIP=21.427)"
R120,facts,1,1,8,2,3,5,20,"FACTS Pareto (reported FACTS TH=27.500, WIP=21.427)"
R121,facts,1,1,1,2,1,2,8,"FACTS Pareto (reported FACTS TH=26.899, WIP=12.366)"
R122,facts,1,1,8,2,3,7,22,"FACTS Pareto (reported FACTS TH=27.500, WIP=21.427)"
R123,facts,1,1,4,2,3,7,18,"FACTS Pareto (reported FACTS TH=27.406, WIP=17.343)"
R124,facts,2,1,4,3,1,5,16,"FACTS Pareto (reported FACTS TH=27.475, WIP=17.302)"
R125,facts,2,1,4,2,1,10,20,"FACTS Pareto (reported FACTS TH=27.439, WIP=16.303)"
R126,facts,2,1,4,2,1,5,15,"FACTS Pareto (reported FACTS TH=27.439, WIP=16.303)"
R127,facts,6,1,5,4,4,4,24,"FACTS Pareto (reported FACTS TH=27.524, WIP=26.551)"
R128,facts,2,1,4,2,1,8,18,"FACTS Pareto (reported FACTS TH=27.439, WIP=16.303)"
R129,facts,2,1,4,2,1,6,16,"FACTS Pareto (reported FACTS TH=27.439, WIP=16.303)"
R130,facts,2,1,2,4,4,6,19,"FACTS Pareto (reported FACTS TH=27.507, WIP=19.489)"
R131,facts,8,2,7,2,5,5,29,"FACTS Pareto (reported FACTS TH=27.515, WIP=30.474)"
R132,facts,8,2,7,2,5,6,30,"FACTS Pareto (reported FACTS TH=27.515, WIP=30.474)"
R133,facts,8,2,7,2,5,7,31,"FACTS Pareto (reported FACTS TH=27.515, WIP=30.474)"
R134,facts,9,1,7,2,5,7,31,"FACTS Pareto (reported FACTS TH=27.515, WIP=30.474)"
R135,facts,8,2,7,2,5,10,34,"FACTS Pareto (reported FACTS TH=27.515, WIP=30.474)"
R136,facts,6,4,7,2,5,7,31,"FACTS Pareto (reported FACTS TH=27.515, WIP=30.474)"
R137,facts,1,1,2,4,2,3,13,"FACTS Pareto (reported FACTS TH=27.417, WIP=16.381)"
R138,facts,8,2,7,2,5,9,33,"FACTS Pareto (reported FACTS TH=27.515, WIP=30.474)"
R139,facts,1,1,1,2,2,9,16,"FACTS Pareto (reported FACTS TH=27.052, WIP=13.424)"
R140,facts,1,1,1,2,2,8,15,"FACTS Pareto (reported FACTS TH=27.052, WIP=13.424)"
R141,facts,1,1,1,2,2,10,17,"FACTS Pareto (reported FACTS TH=27.052, WIP=13.424)"
R142,facts,1,1,1,2,2,6,13,"FACTS Pareto (reported FACTS TH=27.052, WIP=13.424)"
R143,facts,1,1,1,3,2,10,18,"FACTS Pareto (reported FACTS TH=27.295, WIP=14.321)"
R144,facts,1,1,1,2,2,7,14,"FACTS Pareto (reported FACTS TH=27.052, WIP=13.424)"
R145,facts,3,1,3,2,5,5,19,"FACTS Pareto (reported FACTS TH=27.465, WIP=20.425)"
R146,facts,2,1,2,5,2,9,21,"FACTS Pareto (reported FACTS TH=27.436, WIP=18.477)"
R147,facts,2,1,2,5,2,6,18,"FACTS Pareto (reported FACTS TH=27.436, WIP=18.477)"
R148,facts,3,1,3,2,5,6,20,"FACTS Pareto (reported FACTS TH=27.474, WIP=20.429)"
R149,facts,2,1,2,5,2,8,20,"FACTS Pareto (reported FACTS TH=27.436, WIP=18.477)"
R150,facts,2,2,3,2,5,6,20,"FACTS Pareto (reported FACTS TH=27.474, WIP=20.429)"
R151,facts,2,2,5,2,5,6,22,"FACTS Pareto (reported FACTS TH=27.526, WIP=22.518)"
R152,facts,2,2,5,2,5,8,24,"FACTS Pareto (reported FACTS TH=27.526, WIP=22.518)"
R153,facts,2,1,2,5,2,10,22,"FACTS Pareto (reported FACTS TH=27.436, WIP=18.477)"
R154,facts,10,5,6,2,4,6,33,"FACTS Pareto (reported FACTS TH=27.526, WIP=33.345)"
R155,facts,9,6,6,2,4,9,36,"FACTS Pareto (reported FACTS TH=27.526, WIP=33.345)"
R156,facts,9,6,6,2,4,6,33,"FACTS Pareto (reported FACTS TH=27.526, WIP=33.345)"
R157,facts,10,5,6,2,2,6,31,"FACTS Pareto (reported FACTS TH=27.494, WIP=31.370)"
R158,facts,10,5,6,2,2,9,34,"FACTS Pareto (reported FACTS TH=27.494, WIP=31.370)"
R159,facts,10,5,6,2,2,5,30,"FACTS Pareto (reported FACTS TH=27.494, WIP=31.370)"
R160,facts,10,5,6,2,4,8,35,"FACTS Pareto (reported FACTS TH=27.526, WIP=33.345)"
R161,facts,10,5,6,2,4,7,34,"FACTS Pareto (reported FACTS TH=27.526, WIP=33.345)"
R162,facts,10,5,6,2,4,9,36,"FACTS Pareto (reported FACTS TH=27.526, WIP=33.345)"
R163,facts,10,5,6,2,4,5,32,"FACTS Pareto (reported FACTS TH=27.526, WIP=33.345)"
