raw_input_capacity,post_loading_buffer_capacity,post_conveyor_buffer_capacity,post_washing_buffer_capacity,pre_press1_buffer_capacity,pre_press2_buffer_capacity,post_press12_buffer_capacity,pre_press_split_buffer_capacity,press1_out_buffer_capacity,press2_out_buffer_capacity,wip,throughput
5,1,2,8,7,5,7,8,3,2,28.987896825396824,27.45833333333333
4,1,1,1,3,3,3,7,2,4,15.13035714285714,27.434523809523807
7,1,1,1,3,2,3,10,8,9,14.248511904761903,27.40892857142857
4,1,1,1,3,3,1,10,8,3,15.086111111111112,27.42142857142857
4,1,1,1,1,1,1,10,8,9,11.06577380952381,26.60833333333333
4,1,1,1,3,3,3,9,5,9,15.33531746031746,27.44345238095238
4,5,1,8,7,5,7,2,3,2,32.10287698412698,27.53690476190476
9,1,1,1,1,2,1,10,4,2,12.09156746031746,27.04404761904762
5,1,1,1,2,2,1,10,8,9,13.163690476190476,27.36904761904762
4,1,1,1,2,2,1,10,1,3,13.158134920634922,27.366666666666667
5,1,2,8,7,5,7,8,3,2,29.070634920634923,27.507738095238096
7,1,1,1,2,2,1,10,8,3,13.057440476190475,27.27083333333333
2,1,1,1,2,1,3,10,10,3,12.259424603174605,27.067857142857143
5,1,1,1,2,2,1,6,8,3,13.039285714285716,27.222619047619048
7,1,1,1,2,2,1,4,8,2,13.002777777777776,27.183928571428574
5,1,1,1,2,1,1,10,8,9,12.167063492063493,27.055357142857144
2,1,1,1,1,1,1,10,8,9,11.091468253968255,26.652976190476192
3,1,1,1,2,2,1,9,8,9,13.105654761904765,27.33571428571428
4,1,1,1,2,3,1,10,8,3,14.097619047619048,27.377380952380957
9,1,1,1,1,1,1,10,7,4,11.087896825396824,26.64166666666667
5,1,1,1,2,1,1,6,4,4,11.987896825396826,26.875
6,1,1,1,2,2,1,2,8,3,12.9796626984127,27.09523809523809
2,1,1,1,2,2,1,2,3,2,12.834821428571429,27.09166666666667
5,1,1,1,2,1,1,3,1,3,11.983630952380953,26.73988095238095
4,1,1,1,2,2,1,10,3,3,13.12718253968254,27.35892857142857
5,1,1,1,2,1,1,6,8,3,11.983829365079364,26.75
3,1,1,1,1,1,1,10,8,3,11.078670634920636,26.619642857142857
5,1,1,1,2,2,1,6,8,3,13.074801587301588,27.303571428571427
3,1,1,1,1,1,1,10,8,5,11.04345238095238,26.589285714285715
5,1,1,1,2,1,1,6,4,4,12.013194444444444,26.88869047619048
2,1,1,1,1,1,1,10,5,3,11.174503968253967,26.683928571428574
3,1,1,1,2,1,1,10,8,4,12.021031746031746,26.992261904761904
2,1,1,1,1,1,1,10,8,10,10.97123015873016,26.58809523809524
7,1,1,1,3,2,1,10,8,3,14.18253968253968,27.38511904761905
6,1,1,1,2,1,1,10,8,9,12.143948412698412,27.047619047619047
5,1,1,1,1,1,1,1,2,9,10.878174603174603,26.03273809523809
5,1,1,1,2,2,1,10,6,3,13.102777777777778,27.33095238095238
1,1,1,1,2,3,1,10,8,3,14.205853174603174,27.392857142857142
