throughput,wip,PrePress2Buffer_capacity,PostPress1_2_Buffer_capacity,PostWashingBuffer_capacity,PostLoadingBuffer_capacity,PostConveyorBuffer_capacity,PrePress1Buffer_capacity
27.1214285714286,13.4397330686006,2,8,2,1,1,1
27.0523809523809,13.4236435635083,2,9,1,1,1,2
26.8202380952381,12.3353129896935,1,9,1,1,1,2
27.2952380952381,14.3207471333984,2,9,1,1,1,3
26.7595238095238,11.3746356922491,1,4,1,1,1,1
27.2119047619047,13.4465016627455,1,10,3,1,1,1
26.9845238095238,12.4357073477328,1,4,2,1,1,1
27.5,21.4271497010065,3,9,8,1,1,2
26.9297619047619,12.3373449695141,1,5,1,1,1,2
27.4654761904762,20.4246515211104,5,5,3,3,1,2
27.4357142857143,18.4770655923198,2,9,2,2,1,5
27.3833333333333,14.4391248762019,1,4,4,1,1,1
27.4059523809524,17.3433551445509,3,9,4,1,1,2
27.4738095238095,20.4285906501017,5,6,3,3,1,2
27.5261904761905,22.5183912282846,5,6,5,2,2,2
27.1130952380952,13.4260354856557,2,5,1,1,1,2
