post_loading_buffer_capacity,post_conveyor_buffer_capacity,post_washing_buffer_capacity,pre_press1_buffer_capacity,pre_press2_buffer_capacity,post_press12_buffer_capacity,wip,throughput
4,4,2,1,3,3,20.166666666666668,26.571428571428573
4,3,3,2,5,9,23.23611111111111,27.511904761904763
2,2,5,4,2,9,20.904761904761905,27.345238095238095
4,2,2,3,6,9,23.161706349206348,27.49404761904762
1,4,2,2,8,10,23.30456349206349,27.696428571428573
6,1,6,3,8,7,29.53769841269841,27.773809523809526
4,3,3,4,2,3,22.0734126984127,27.220238095238095
1,4,2,2,8,4,23.27777777777778,27.482142857142858
3,6,1,5,2,10,23.200396825396826,27.25
5,3,3,2,5,9,24.12202380952381,27.595238095238095
2,1,4,1,9,3,22.708333333333332,26.916666666666668
2,6,1,4,5,1,23.922619047619047,27.416666666666668
1,1,7,5,4,8,24.029761904761905,27.428571428571427
5,2,2,3,6,9,24.113095238095237,27.458333333333332
3,7,1,5,1,8,23.232142857142858,27.11904761904762
2,8,8,10,3,4,36.74007936507937,27.577380952380953
1,3,2,8,10,10,30.293650793650794,27.535714285714285
3,4,6,6,3,7,27.705357142857142,27.488095238095237
6,2,2,2,8,8,26.4375,27.470238095238095
4,3,5,2,5,8,25.075396825396826,27.446428571428573
1,4,2,5,6,9,24.19345238095238,27.392857142857142
2,5,7,5,8,8,33.176587301587304,27.517857142857142
3,2,7,7,3,4,28.017857142857142,27.482142857142858
6,7,2,4,2,7,27.05952380952381,27.452380952380953
6,2,2,3,6,9,25.392857142857142,27.416666666666668
5,4,6,2,2,7,24.756944444444443,27.297619047619047
5,6,1,5,2,10,25.262896825396826,27.36904761904762
6,10,5,6,2,3,34.79662698412698,27.50595238095238
6,1,5,5,6,1,29.088293650793652,27.482142857142858
2,4,6,6,3,7,27.17063492063492,27.452380952380953
2,1,5,5,6,1,24.96230158730159,27.232142857142858
4,3,5,6,2,3,25.993055555555557,27.279761904761905
3,1,6,3,8,8,27.029761904761905,27.30952380952381
7,3,2,8,10,10,36.30952380952381,27.464285714285715
6,5,4,9,3,4,33.21031746031746,27.458333333333332
8,5,3,4,2,4,27.80654761904762,27.351190476190474
5,4,3,3,7,2,28.232142857142858,27.452380952380953
1,8,3,3,7,2,28.214285714285715,27.404761904761905
2,2,10,4,3,7,27.103174603174605,27.220238095238095
7,1,4,8,2,10,27.89781746031746,27.267857142857142
5,4,3,3,7,6,27.99206349206349,27.351190476190474
1,8,6,5,4,6,30.08234126984127,27.44047619047619
4,3,2,8,5,10,28.40674603174603,27.428571428571427
5,4,7,4,4,9,29.7609126984127,27.43452380952381
1,3,8,4,5,4,27.26686507936508,27.220238095238095
4,1,7,5,4,8,27.18154761904762,27.196428571428573
9,4,2,3,4,4,28.22222222222222,27.339285714285715
6,5,4,7,6,6,34.089285714285715,27.44047619047619
3,3,7,7,3,3,28.672619047619047,27.36904761904762
6,1,6,3,8,8,29.944444444444443,27.416666666666668
4,3,3,2,5,9,22.944444444444443,27.55952380952381
5,6,1,5,2,10,25.38293650793651,27.613095238095237
6,5,4,9,3,4,32.81944444444444,27.732142857142858
4,3,3,2,2,4,20.02480158730159,27.458333333333332
3,2,5,7,3,7,25.40674603174603,27.69047619047619
4,1,6,3,2,3,22.22519841269841,27.470238095238095
4,4,3,2,5,8,23.55654761904762,27.5
4,2,2,5,4,1,23.081349206349206,27.476190476190474
4,3,3,4,2,3,21.866071428571427,27.392857142857142
1,4,2,5,2,10,20.11904761904762,27.00595238095238
1,4,6,2,2,7,20.92361111111111,27.023809523809526
2,4,2,3,4,4,21.300595238095237,27.357142857142858
2,2,2,3,6,9,21.228174603174605,27.18452380952381
5,6,1,5,2,10,25.4265873015873,27.589285714285715
4,2,2,3,6,9,23.30952380952381,27.43452380952381
1,4,2,2,8,10,23.14186507936508,27.428571428571427
1,1,7,5,4,8,24,27.44047619047619
4,4,2,1,3,3,20.261904761904763,26.726190476190474
2,2,5,4,2,9,21.249007936507937,27.136904761904763
2,5,7,5,8,8,33.166666666666664,27.583333333333332
6,1,5,5,6,1,29.174603174603174,27.56547619047619
5,2,2,3,8,8,26.368055555555557,27.541666666666668
3,6,1,5,2,10,23.348214285714285,27.226190476190474
5,3,3,2,5,9,24.091269841269842,27.44047619047619
5,2,2,3,6,9,24.004960317460316,27.333333333333332
1,4,2,2,8,4,23.063492063492063,27.071428571428573
2,1,4,1,9,3,22.807539682539684,26.74404761904762
1,3,2,8,10,10,29.939484126984127,27.56547619047619
2,4,6,6,3,7,27.086309523809526,27.511904761904763
2,2,10,4,3,7,27.10813492063492,27.517857142857142
3,2,7,3,3,9,23.98313492063492,27.160714285714285
4,1,7,5,4,8,26.911706349206348,27.43452380952381
2,6,1,4,5,10,24.248015873015873,27.398809523809526
6,2,2,2,6,9,24.296626984126984,27.428571428571427
1,4,2,5,6,9,24.01686507936508,27.25
3,7,1,5,1,8,23.178571428571427,27.053571428571427
6,1,6,3,8,7,30.129960317460316,27.517857142857142
6,1,6,7,3,4,28.796626984126984,27.470238095238095
2,1,5,5,6,1,24.738095238095237,27.410714285714285
2,6,1,4,5,1,24.04563492063492,27.107142857142858
1,3,2,2,10,1,24.235119047619047,27.226190476190474
3,7,1,5,1,10,23.324404761904763,26.75595238095238
3,6,3,4,2,3,23.797619047619047,27.011904761904763
6,5,4,7,6,6,34.38392857142857,27.511904761904763
7,6,1,2,8,4,30.243055555555557,27.482142857142858
4,2,8,2,8,8,30.328373015873016,27.5
2,4,6,3,7,6,28.023809523809526,27.410714285714285
5,2,2,7,3,4,24.89484126984127,27.404761904761905
6,2,5,4,2,9,24.78769841269841,27.291666666666668
9,1,5,5,6,1,31.857142857142858,27.488095238095237
1,4,2,5,2,10,20.307539682539684,27.571428571428573
1,4,2,2,8,10,23.381944444444443,27.654761904761905
2,2,10,4,3,7,26.70734126984127,27.761904761904763
5,2,3,4,2,3,21.956349206349206,27.636904761904763
2,2,2,3,3,7,17.78075396825397,27.261904761904763
2,2,5,4,2,9,21.134920634920636,27.553571428571427
5,2,2,3,2,3,20.439484126984127,27.398809523809526
2,4,3,4,2,3,21.125992063492063,27.428571428571427
2,4,6,3,7,6,28.23015873015873,27.642857142857142
4,2,2,5,4,1,22.9890873015873,27.55952380952381
3,2,7,3,3,9,23.538690476190474,27.61904761904762
5,2,2,2,1,9,17.9890873015873,27.095238095238095
4,1,6,3,2,3,22.055555555555557,27.529761904761905
2,4,2,3,4,4,21.177579365079364,27.49404761904762
1,4,6,2,2,7,20.946428571428573,27.220238095238095
2,2,2,3,6,9,21.067460317460316,27.321428571428573
3,6,3,4,2,3,23.84424603174603,27.55952380952381
9,1,5,5,6,1,31.589285714285715,27.56547619047619
1,4,1,5,2,10,19.21230158730159,27.095238095238095
3,1,3,7,2,3,22.13888888888889,27.50595238095238
4,3,3,2,5,9,22.846230158730158,27.523809523809526
2,2,2,3,6,9,21.308531746031747,27.482142857142858
2,2,2,3,6,9,21.20436507936508,27.392857142857142
5,2,2,4,2,3,21.125992063492063,27.13095238095238
6,2,2,2,6,9,24.211309523809526,27.535714285714285
2,2,10,4,3,7,26.18154761904762,27.541666666666668
4,3,3,2,2,4,20.09722222222222,27.089285714285715
1,1,7,5,4,8,24.126984126984127,27.428571428571427
4,1,6,3,2,3,22.096230158730158,27.333333333333332
5,2,1,5,2,10,21.383928571428573,27.154761904761905
5,2,2,3,6,9,23.878968253968253,27.392857142857142
5,1,3,2,5,8,21.974206349206348,27.261904761904763
4,4,3,2,5,8,24.342261904761905,27.517857142857142
4,4,2,1,3,3,20.319444444444443,26.922619047619047
2,1,2,3,6,9,20.40277777777778,27.077380952380953
4,4,2,1,3,3,20.275793650793652,26.375
4,3,3,4,2,3,22.160714285714285,27.333333333333332
5,3,3,2,5,9,24.300595238095237,27.375
2,6,1,4,5,1,24.04265873015873,27.36904761904762
5,6,1,5,2,10,25.496031746031747,27.476190476190474
2,1,5,5,6,1,24.768849206349206,27.404761904761905
5,2,2,7,3,4,25.092261904761905,27.458333333333332
4,3,2,3,8,8,25.950396825396826,27.517857142857142
4,3,3,4,2,6,22.16765873015873,27.267857142857142
6,1,5,5,6,9,29.22519841269841,27.50595238095238
5,3,3,6,3,7,26.430555555555557,27.422619047619047
1,4,2,5,6,9,23.5109126984127,27.333333333333332
5,3,1,5,2,10,22.398809523809526,27.297619047619047
5,6,1,5,2,7,25.58730158730159,27.339285714285715
1,5,2,2,10,10,26.084325396825395,27.392857142857142
1,4,2,5,2,10,19.874007936507937,27.601190476190474
5,2,2,7,3,4,25.083333333333332,27.726190476190474
1,4,1,3,2,3,17.290674603174605,27.339285714285715
2,2,2,2,5,9,19.169642857142858,27.386904761904763
1,4,1,5,3,7,20.136904761904763,27.63095238095238
1,2,1,2,2,4,14.086309523809524,26.857142857142858
2,2,2,3,3,7,17.92361111111111,27.11904761904762
1,2,2,5,2,3,18.046626984126984,27.18452380952381
1,4,1,5,2,10,19.18154761904762,27.297619047619047
2,1,2,3,6,9,19.95734126984127,27.339285714285715
5,2,2,3,2,3,20.16468253968254,27.386904761904763
2,2,2,3,6,9,21.18452380952381,27.61904761904762
5,2,2,2,1,9,18.145833333333332,26.803571428571427
5,2,2,2,1,9,18.249007936507937,27.029761904761905
4,3,3,2,2,4,20.10515873015873,27.297619047619047
2,2,5,3,2,10,19.98611111111111,27.160714285714285
1,4,2,5,2,6,20.303571428571427,27.363095238095237
1,1,7,5,4,8,23.36706349206349,27.547619047619047
2,6,2,3,6,9,25.26984126984127,27.571428571428573
4,1,6,3,2,2,22.01686507936508,27.36904761904762
4,1,6,3,2,3,22.028769841269842,27.49404761904762
2,4,3,1,2,2,18.302579365079364,26.5
4,4,2,1,2,6,18.86904761904762,26.791666666666668
2,2,2,4,3,9,19.395833333333332,26.982142857142858
4,4,2,1,3,3,20.046626984126984,27.125
2,4,3,4,2,3,21.047619047619047,27.232142857142858
2,4,2,3,4,4,20.92956349206349,27.202380952380953
1,4,6,2,2,7,21.063492063492063,27.279761904761905
2,1,2,3,6,9,20.634920634920636,27.172619047619047
4,3,1,5,2,10,21.353174603174605,27.345238095238095
2,2,5,3,6,7,24.153769841269842,27.523809523809526
2,2,10,4,3,7,26.935515873015873,27.571428571428573
5,1,3,2,5,8,22.143849206349206,27.452380952380953
2,2,1,5,7,10,23.363095238095237,27.458333333333332
1,4,2,5,2,9,19.80456349206349,26.958333333333332
2,2,2,3,6,9,21.334325396825395,27.24404761904762
5,2,1,5,2,10,21.121031746031747,27.19047619047619
2,2,5,4,2,9,21.136904761904763,27.238095238095237
5,2,2,4,2,3,20.97519841269841,27.071428571428573
5,2,3,4,2,3,22.04563492063492,27.327380952380953
4,1,6,3,2,3,22.101190476190474,27.333333333333332
3,2,7,3,3,9,24.22519841269841,27.476190476190474
5,2,2,5,8,10,28.099206349206348,27.553571428571427
9,2,1,4,5,1,27.199404761904763,27.50595238095238
4,2,2,5,4,1,22.78769841269841,27.386904761904763
4,1,6,3,2,3,22.17361111111111,27.351190476190474
4,3,3,4,2,3,22.24404761904762,27.363095238095237
4,3,3,4,3,3,23.188492063492063,27.422619047619047
4,1,5,3,4,4,22.933531746031747,27.416666666666668
4,4,2,1,3,3,20.071428571428573,26.678571428571427
