gen,ind,post_loading_buffer,post_conveyor_buffer,post_washing_buffer,pre_press1_buffer,pre_press2_buffer,post_press12_buffer,wip,throughput
10,17,1,1,1,2,1,5,12.303571428571429,26.87619047619048
13,7,1,1,1,2,2,1,13.020238095238096,26.89047619047619
15,5,1,1,1,2,2,2,13.228571428571428,27.125
15,7,1,1,1,4,2,3,15.33809523809524,27.32142857142857
21,0,1,1,1,1,1,5,11.027380952380952,26.13095238095238
21,3,1,1,1,1,2,1,12.10952380952381,26.623809523809523
21,8,1,1,1,2,1,6,12.163095238095238,26.84285714285714
23,3,1,1,1,1,1,2,11.141666666666667,26.25595238095238
24,6,1,1,1,1,1,1,11.235714285714286,26.26309523809524
24,9,1,1,1,1,2,2,12.016666666666666,26.520238095238096
28,19,1,1,1,1,1,6,11.101190476190476,26.164285714285715
33,14,1,1,1,2,2,10,13.241666666666667,27.12619047619048
34,7,1,1,1,4,2,4,15.382142857142858,27.410714285714285
34,26,1,1,1,4,2,10,15.370238095238095,27.35238095238095
36,9,1,1,1,3,1,2,13.220238095238097,26.895238095238096
37,16,1,1,1,2,2,4,13.561904761904762,27.13928571428572
43,4,1,1,1,3,2,4,14.260714285714286,27.25952380952381
45,10,1,1,2,2,2,9,14.061904761904762,27.164285714285715
48,8,1,1,1,3,2,5,14.413095238095238,27.28809523809524
49,2,1,2,2,4,2,4,17.22142857142857,27.502380952380957
49,3,1,1,2,4,2,9,16.364285714285714,27.43452380952381
