post_loading_buffer_capacity,post_conveyor_buffer_capacity,post_washing_buffer_capacity,pre_press1_buffer_capacity,pre_press2_buffer_capacity,post_press12_buffer_capacity,wip,throughput
1,1,1,5,5,7,19.15509259259259,27.484126984126984
2,1,1,2,2,1,14.032407407407408,27.146825396825395
1,1,1,4,2,3,15.354166666666666,27.325396825396822
1,1,1,2,2,1,13.05489417989418,27.061507936507937
1,1,1,5,3,7,17.25595238095238,27.35515873015873
1,1,1,2,3,1,14.156746031746032,27.1765873015873
1,1,3,3,3,4,16.922949735449734,27.337301587301585
1,2,1,1,1,1,12.04563492063492,26.56547619047619
1,1,1,1,2,1,12.107142857142856,26.75
1,2,1,4,3,3,17.296626984126984,27.406746031746035
