generation,individual_index,cap_post_loading,cap_post_conveyor,cap_post_washing,cap_pre_press1,cap_pre_press2,cap_post_press12,wip,throughput
7,15,3,1,2,5,2,9,19.22936507936508,27.46785714285714
8,17,1,1,1,1,2,3,12.175396825396826,26.89880952380953
12,0,2,1,2,5,7,5,23.265873015873016,27.529761904761905
14,8,1,1,1,2,2,4,13.239880952380952,27.164285714285715
18,12,1,1,1,2,2,3,13.242857142857144,27.204761904761902
19,34,1,1,1,1,1,4,11.15972222222222,26.50595238095238
19,45,3,1,2,5,4,9,21.21825396825397,27.475
20,4,1,1,2,2,2,3,14.316468253968257,27.40595238095238
21,5,1,1,1,1,1,2,11.175992063492064,26.579761904761902
21,6,1,1,2,5,4,9,19.200396825396822,27.416666666666668
21,7,1,1,1,1,2,5,12.19047619047619,27.00595238095238
22,8,1,1,1,2,2,5,13.29702380952381,27.235714285714284
27,1,1,1,1,1,1,9,11.10376984126984,26.44642857142857
30,4,1,1,1,5,2,9,16.33452380952381,27.409523809523808
34,4,1,1,2,1,1,3,12.14186507936508,26.58809523809524
43,9,1,1,1,5,7,9,21.356944444444444,27.50357142857143
