generation_index,individual_index,PostLoadingBuffer_capacity,PostConveyorBuffer_capacity,PostWashingBuffer_capacity,PrePress1Buffer_capacity,PrePress2Buffer_capacity,PostPress1_2_Buffer_capacity,total_buffer_capacity,wip,throughput
1,1,4,1,1,4,3,10,23,19.151785714285715,27.575396825396822
5,12,1,1,1,1,2,9,15,12.162632275132276,26.950396825396822
5,13,1,3,4,3,4,2,17,21.15456349206349,27.57936507936508
6,19,1,1,1,1,1,2,7,11.187202380952382,26.382936507936503
7,12,1,1,1,1,1,2,7,11.1114417989418,26.325396825396822
7,14,1,1,1,3,2,4,12,14.111706349206347,27.28968253968254
7,15,1,1,1,3,2,2,10,14.147089947089947,27.396825396825395
7,17,1,1,1,3,2,3,11,14.312466931216932,27.44047619047619
8,11,3,1,1,3,3,6,17,17.386011904761904,27.450396825396822
8,12,1,1,1,1,2,2,8,11.811838624338623,26.609126984126984
8,13,1,1,1,1,1,4,9,11.32691798941799,26.39484126984127
8,14,1,1,1,1,2,4,10,11.831117724867726,26.78373015873016
8,15,1,1,1,1,2,1,7,12.114054232804234,26.825396825396822
9,13,1,1,1,2,2,2,9,13.3317791005291,26.96825396825397
9,14,1,1,1,1,1,2,7,11.109556878306876,26.30952380952381
9,15,1,1,1,1,1,1,6,11.01987433862434,26.29960317460317
9,16,1,1,1,3,1,2,9,13.356845238095238,26.990079365079364
9,17,1,1,1,3,2,2,10,14.0567791005291,27.28769841269841
9,18,1,1,1,1,1,2,7,11.139947089947093,26.34325396825397
