variant,seed,th,wip,sec,buf_post_loading,buf_post_conveyor,buf_post_washing,buf_pre_press1,buf_pre_press2,buf_post_press12
Initial,11,27.101190,18.277480,0.451184,2,2,2,3,3,3
Initial,22,27.172619,18.409028,0.452512,2,2,2,3,3,3
Initial,33,27.279762,18.221726,0.451535,2,2,2,3,3,3
Initial,44,27.214286,18.251885,0.451847,2,2,2,3,3,3
Initial,55,26.851190,18.083234,0.454749,2,2,2,3,3,3
Initial,66,27.226190,18.158036,0.451044,2,2,2,3,3,3
Initial,77,27.291667,18.136607,0.450348,2,2,2,3,3,3
Initial,88,27.250000,17.940179,0.449807,2,2,2,3,3,3
Initial,99,27.273810,18.091171,0.451025,2,2,2,3,3,3
Initial,110,26.797619,18.007341,0.456245,2,2,2,3,3,3
V1,11,26.303571,11.251786,0.464218,1,1,1,1,1,1
V1,22,26.422619,11.272619,0.460834,1,1,1,1,1,1
V1,33,25.809524,11.191567,0.468897,1,1,1,1,1,1
V1,44,26.416667,11.077877,0.462329,1,1,1,1,1,1
V1,55,25.916667,11.060119,0.468128,1,1,1,1,1,1
V1,66,26.125000,11.250099,0.464540,1,1,1,1,1,1
V1,77,26.291667,11.122520,0.461779,1,1,1,1,1,1
V1,88,25.851190,11.203770,0.469051,1,1,1,1,1,1
V1,99,26.220238,11.009028,0.464436,1,1,1,1,1,1
V1,110,26.083333,11.008730,0.466264,1,1,1,1,1,1
V2,11,26.851190,14.374206,0.457288,1,1,1,3,2,3
V2,22,27.291667,14.445933,0.450595,1,1,1,3,2,3
V2,33,26.898810,14.246925,0.454413,1,1,1,3,2,3
V2,44,27.357143,13.833333,0.446801,1,1,1,3,2,3
V2,55,27.125000,14.531647,0.452935,1,1,1,3,2,3
V2,66,27.047619,14.099702,0.454779,1,1,1,3,2,3
V2,77,27.130952,14.233333,0.453595,1,1,1,3,2,3
V2,88,27.065476,13.172321,0.451349,1,1,1,3,2,3
V2,99,27.077381,13.932540,0.453535,1,1,1,3,2,3
V2,110,26.952381,14.432242,0.455443,1,1,1,3,2,3
V3,11,27.190476,21.129167,0.451393,1,3,4,3,4,2
V3,22,27.380952,20.646131,0.450538,1,3,4,3,4,2
V3,33,27.333333,21.216964,0.450109,1,3,4,3,4,2
V3,44,27.708333,20.840079,0.445219,1,3,4,3,4,2
V3,55,26.845238,20.813690,0.454903,1,3,4,3,4,2
V3,66,27.416667,20.957143,0.448740,1,3,4,3,4,2
V3,77,27.392857,21.061806,0.448475,1,3,4,3,4,2
V3,88,26.958333,21.036012,0.455891,1,3,4,3,4,2
V3,99,27.315476,20.967758,0.449794,1,3,4,3,4,2
V3,110,26.940476,21.047024,0.454747,1,3,4,3,4,2
