generation,individual_index,post_loading_buffer_capacity,post_conveyor_buffer_capacity,post_washing_buffer_capacity,pre_press1_buffer_capacity,pre_press2_buffer_capacity,post_press12_buffer_capacity,wip,throughput
9,35,1,1,2,5,2,2,16.551388888888887,27.191666666666663
10,27,1,1,3,2,3,7,15.58154761904762,27.047619047619047
12,6,1,1,2,6,3,6,18.71468253968254,27.329761904761902
12,11,1,1,3,2,2,2,14.6125,26.95119047619048
13,6,1,1,1,1,1,5,10.903174603174604,25.275
14,3,1,1,1,1,2,4,11.935714285714283,26.064285714285717
14,14,1,1,3,6,3,3,19.500198412698413,27.34404761904762
15,3,1,1,1,2,2,5,12.67718253968254,26.29523809523809
16,35,1,1,1,2,2,4,12.703373015873016,26.325
17,6,1,1,7,5,6,3,25.757539682539683,27.472619047619048
18,7,1,1,1,2,2,8,12.973809523809525,26.62857142857143
18,9,1,1,2,2,2,8,13.85376984126984,26.79523809523809
18,12,1,1,1,5,2,6,15.720039682539683,27.164285714285715
18,13,1,1,2,2,2,9,13.959722222222222,26.873809523809523
19,10,1,1,1,2,2,9,12.832738095238096,26.47738095238095
22,4,1,1,1,1,2,8,11.67202380952381,26.057142857142857
22,44,1,1,1,5,2,9,15.654166666666669,27.07857142857143
23,8,1,1,2,2,1,8,12.564087301587302,26.12142857142857
23,22,1,1,1,2,2,2,12.789880952380951,26.44047619047619
26,12,1,1,1,6,3,9,17.541666666666668,27.25952380952381
26,36,1,1,1,1,1,9,10.87936507936508,25.18095238095238
28,41,1,1,3,2,2,8,14.91388888888889,26.975
30,4,1,1,1,2,1,7,11.664484126984126,25.776190476190475
30,29,1,1,3,2,2,5,14.94126984126984,26.991666666666667
33,0,1,2,7,7,3,9,25.964484126984125,27.515476190476196
37,1,1,1,1,1,1,7,10.829761904761904,25.155952380952375
42,4,1,1,3,7,2,3,19.676984126984127,27.446428571428573
46,13,1,1,2,6,2,5,17.658333333333335,27.30119047619048
