gen,ind,buffer1_cap,buffer2_cap,buffer3_cap,wip,throughput
0,0,2,10,1,6.5569444444444445,86.22261904761905
0,3,5,5,2,9.7265873015873,86.59523809523809
1,6,1,2,1,5.29781746031746,84.5452380952381
2,11,1,9,3,5.987103174603175,85.98333333333333
2,12,1,8,4,5.995436507936508,86.04880952380952
2,13,1,10,2,5.736309523809524,85.81071428571428
2,18,6,9,4,11.37281746031746,86.71071428571429
3,23,1,8,1,5.46984126984127,85.34166666666667
3,24,4,9,2,9.013293650793653,86.53095238095239
3,25,1,1,1,5.24186507936508,84.16309523809524
4,32,1,7,1,5.368452380952381,85.26785714285714
4,39,7,8,8,12.554563492063492,86.77380952380952
5,6,4,6,1,8.436904761904762,86.48214285714286
5,11,1,10,1,5.495436507936508,85.70357142857144
16,6,6,9,8,11.803968253968254,86.72261904761905
17,2,8,7,2,12.761309523809524,87.01785714285714
19,28,1,7,2,5.610912698412698,85.73809523809524
25,4,2,9,2,6.816865079365079,86.36666666666666
25,7,5,5,7,10.398809523809524,86.69285714285715
