generation_index,individual_index,post_loading_buffer_capacity,post_conveyor_buffer_capacity,post_washing_buffer_capacity,pre_press1_buffer_capacity,pre_press2_buffer_capacity,post_press12_buffer_capacity,wip,throughput
5,10,1,1,1,4,3,6,16.18561507936508,27.429761904761904
6,7,1,2,1,3,5,6,18.199007936507936,27.435714285714287
8,18,1,1,1,1,1,6,11.14404761904762,26.492261904761904
8,24,1,1,1,1,1,4,11.176190476190476,26.570833333333333
9,16,1,1,2,1,2,2,13.07936507936508,26.916666666666668
12,45,1,1,1,2,2,4,13.17688492063492,27.264880952380956
13,6,1,1,1,2,2,6,13.29751984126984,27.330952380952382
18,1,3,1,6,5,4,6,25.06309523809524,27.47738095238095
19,3,1,1,1,1,2,1,12.06845238095238,26.891666666666666
19,4,1,1,1,2,2,1,13.084623015873015,27.18095238095238
21,1,1,1,1,1,1,1,11.08561507936508,26.465476190476192
23,9,1,1,2,3,2,1,15.087599206349209,27.348214285714285
32,16,1,1,2,3,3,6,16.053174603174604,27.367857142857144
36,4,3,1,3,4,3,2,20.232242063492063,27.44107142857143
44,19,1,1,1,4,2,7,15.281746031746032,27.35833333333333
45,22,1,1,2,3,3,7,16.179761904761904,27.369642857142857
