gen,ind,buffer1_cap,buffer2_cap,buffer3_cap,buffer4_cap,buffer5_cap,buffer6_cap,wip,throughput
7,36,1,1,1,1,1,1,10.971626984126983,26.195238095238096
9,4,1,1,1,1,1,8,11.224801587301588,26.391666666666666
11,4,1,1,1,2,2,1,13.151388888888889,27.21904761904762
12,4,3,1,2,9,6,2,27.24246031746032,27.50595238095238
14,5,3,1,2,4,2,1,18.03551587301587,27.442857142857143
15,32,2,1,1,3,2,2,15.131150793650791,27.314285714285717
15,37,1,1,1,2,1,1,12.06626984126984,26.714285714285715
22,16,1,1,1,3,3,2,15.035912698412698,27.31309523809524
26,17,1,1,1,2,1,2,12.223809523809525,26.761904761904763
26,24,1,1,1,2,1,10,12.179960317460315,26.72142857142857
28,4,3,1,1,3,6,8,20.33630952380953,27.491666666666667
28,13,1,1,2,2,2,1,13.954166666666667,27.258333333333333
32,5,1,1,2,2,1,1,13.099603174603176,26.78095238095238
32,11,1,1,1,3,3,10,15.171031746031746,27.372619047619047
33,2,4,1,7,9,7,1,33.94444444444444,27.516666666666666
33,13,1,1,1,1,1,9,11.198611111111113,26.373809523809523
43,5,1,1,1,2,2,9,13.106746031746033,26.92619047619048
48,15,1,1,1,1,1,3,11.101190476190476,26.23095238095238
